,ABSNJZH,AREA_ACR,MEANGAM,MEANGBH,MEANGBT,MEANGBZ,MEANJZD,MEANJZH,MEANPOT,MEANSHR,R_VALUE,SAVNCPP,SHRGT45,TOTPOT,TOTUSJH,TOTUSJZ,USFLUX
0,,,,,,,,,,,,,,,,,
1,0.3885573459532414,0.05128128847919111,0.9747869734534048,0.9890715211711164,1.0,0.9907744341961351,0.8144960818997874,0.5658782968736015,0.3534594683828421,0.9722051346508038,0.0165697464949017,0.23264976200341253,0.9297919015501627,0.2958614311351604,0.0338942475578663,0.07170507509348302,0.01693050595236486
2,0.2936273056759965,0.017971138505806745,0.9986684261762359,0.9574400136433024,0.9552960577485501,0.8967281811750518,0.944255622110403,0.6455014942967788,0.29497874134077084,0.9331565779873812,0.08160000017425703,0.0346547987275065,0.9391859630701207,0.22870789133183628,0.01631790452703167,0.06793897725446386,0.008634691382458586
3,0.37405629922676126,0.014653970653999086,1.0,0.9291156075016446,0.9496254684430826,0.925918206868829,0.8568162549979536,0.7881276118899281,0.3721847387678614,1.0,0.07563663058199957,0.1937748603696103,1.0,0.21055950465768078,0.005814243574447273,0.028009702266090213,0.0
4,0.2262071147355638,0.0,0.9587977243678399,0.9444515109407255,0.9681914212628632,0.9235208409713374,0.7602846397152742,0.9231417515195882,0.26527246176455666,0.8731837017515758,0.08077191464355674,0.09102691040806424,0.8395593182299764,0.1948742414942254,0.004166142389164637,0.0721178902902855,0.026473302481428006
5,0.3625810835476792,0.022369763143007097,0.9336982695755676,0.9423151616023127,0.9584443957194154,0.877327271312963,0.8742412145421199,0.8406801715077161,0.2392437703895414,0.8317168377381495,0.05996257484955294,0.27125211293206813,0.8260614622469291,0.18026643758081237,0.0026113979303986866,0.02308389574090861,0.027638586870551898
6,0.21195440400282167,0.06028447339425452,0.9836722665197157,0.9849215111956565,0.9765691742896573,0.9358926117228685,1.0,0.774027059367071,0.332901471333759,0.9014194509173793,0.01780571506703194,0.08760795558986663,0.9028388092187877,0.20307024040193183,0.030422644059028493,0.08262102861877178,0.053856650959568896
7,0.20160184648218257,0.09836524756703695,0.9381845427838972,0.9078174844583159,0.8802704859845256,0.6975427968644052,0.8715710580459188,0.8553177990253679,0.24131832824590113,0.8314164377534676,0.06254979149933268,0.1706643124975305,0.8373459317188334,0.20435088442972796,0.04358583200425129,0.16560811444371804,0.059067827540318495
8,0.05250864096798717,0.11200992476502965,0.9527228346483789,0.9355038703163281,0.932004961535021,0.8498965512713962,0.8402102685010979,1.0,0.2616049096276699,0.846599423976376,0.10698173267962226,0.07447079217155417,0.8028898577227325,0.14385169734827216,0.020872325582965957,0.04613962395731443,0.034176562069951344
9,0.2746268527885999,0.16488096592696805,0.963167583616954,1.0,0.9760546738670017,0.9538202514795401,0.8237122542588933,0.9267572468761237,0.4967050110922338,0.9231884792271617,0.10053045503183437,0.22743613856161024,0.8754803970792036,0.2545051751533617,0.0873794559447179,0.11227430052008666,0.07578143398482236
10,0.2786174661000852,0.16207653263748217,0.932121641846118,0.9511847685170978,0.9261876616802176,0.8730661295799202,0.8645563890199593,0.7249883253576644,0.436452766357743,0.8752832664274258,0.0590702952459129,0.18275902997318036,0.8455699957361444,0.2165478698031578,0.046240545258020654,0.058023451261035294,0.053296732442004995
11,0.25979323925836845,0.12805383020141844,0.9586977151089316,0.9506069189418799,0.9914107291225759,1.0,0.8361009107417939,0.8014272884796433,0.4576893951913129,0.9958649784818389,0.08628281357165601,0.1838953179437466,0.942928551666529,0.16967356272179704,0.06335940395416645,0.07279377442274262,0.07468175547762844
12,0.045318099294251485,0.11935085249510348,0.9075097438316906,0.9699833020038889,0.9553292825394424,0.9120472446297069,0.8540898830482981,0.6931264694926944,0.3752748071293495,0.8318184301926367,0.16328494995967285,0.04016657954530365,0.7570926737504392,0.09555097403429628,0.025706178697543554,0.046983802752359874,0.0382703497605903
13,0.03732548921880405,0.1343957711829375,0.8506164826150284,0.9488730575766692,0.9719921300790725,0.9861757825965174,0.7615312247564506,0.9013646235311075,0.34595306166693784,0.7861169137521664,0.13725200084326492,0.0,0.7510739655953348,0.10822388280234696,0.02807864641740939,0.020578594745531906,0.0366656561265362
14,0.0,0.11490833255886261,0.869037408854726,0.9122433257184425,0.9323827270533624,0.8906514633919452,0.766909638711473,0.9324941451707911,0.24064603652484406,0.8396083205429999,0.058189351594228875,0.03628500492892992,0.6975178264430262,0.0,0.004844330408872319,0.010957364476591994,0.023888949882272748
15,0.20670335298330741,0.09520277837326728,0.8282449217383926,0.9310995098644304,0.9579363367250188,0.8948062705027898,0.816652614597961,0.9259965744560711,0.29813409711403127,0.7303775259546545,0.03976204114226998,0.16562959218726875,0.7130086169634441,0.013878233222442714,0.009291312812422708,0.007719348189554919,0.022703029695632607
16,0.28993227515661163,0.11303081748871775,0.845813496466535,0.8876543823722136,0.9095909545175228,0.9126714379923745,0.731780441468343,0.9370530752428693,0.39038420379042477,0.8139205857477374,0.10943129039113951,0.204662812122021,0.6833048453793349,0.02847481296795181,0.0,0.0,0.038284158636846824
17,0.1422132763868338,0.09323875529838452,0.8054364736984498,0.9168218748216307,0.9343947714081545,0.8975103579771858,0.7004459294695757,0.7106412995282458,0.39562351810113655,0.7313694183177026,0.07728135591747316,0.17951778984584635,0.5945730487195265,0.04131096816360961,0.03187638704542185,0.017716742227609304,0.0654182115330454
18,0.23566434282250168,0.12528659487333293,0.8147400768574088,0.9383131979886611,0.9135952287238019,0.9003555347098969,0.5969964489987809,0.8370920953258723,0.34485913964274406,0.6987079199020377,0.0385571779568129,0.1823979328050556,0.5876332931876898,0.03640689509033458,0.08108421497910513,0.08408709099656043,0.10636463263571436
19,0.2715379381027951,0.15003156874474746,0.8477718034223707,0.915933132293127,0.9192599654987104,0.9139432861504977,0.48935093833472215,0.7903672480278185,0.4394480912313032,0.8092851798187733,0.08138404998928536,0.20102145144714165,0.6619340165451199,0.09127661358869106,0.11023110001248705,0.10629422640688758,0.13234676155191685
20,0.04371964198072728,0.14503876998032858,0.850107636448993,0.8978052436767969,0.8774227111884829,0.7869049360791884,0.5994470388158927,0.9461687791213917,0.39102855533163106,0.7313298572546119,0.006582884241731061,0.08830142538325006,0.7112570320415715,0.04993788925198032,0.08496955770890616,0.06183081249174032,0.1150367527660897
21,0.2407006482842363,0.16421113056059497,0.858554511035203,0.8899355357907166,0.9043750135735966,0.8915928283904646,0.6440650967421664,0.9714175449608914,0.5731501716605844,0.8402797801144299,0.08715201820745791,0.2612233503715765,0.7024714248187405,0.23933562870164124,0.16099619284763017,0.14366312675194612,0.17553956940249793
22,0.21425363208112524,0.1674042861194903,0.8357995441301339,0.9051016998154044,0.8820909793025159,0.8126618333473514,0.7034603085778703,0.7126649815009374,0.5143607181029665,0.8213559239337288,0.0784178130241044,0.2839038801979169,0.616396204009585,0.21608544182507738,0.18859662300297006,0.20784698606412808,0.20578194163140578
23,0.22303793764198715,0.1584518460202295,0.8684234569640076,0.8970132750068562,0.8916967828954729,0.8631182787188912,0.8035796182938036,0.7874245779002816,0.5462078661922771,0.8727115690309167,0.031061017911073515,0.2810165919373906,0.791908695585901,0.18267228596989918,0.17496529099234476,0.14322416029327298,0.1919587908334851
24,0.29835898524565163,0.1412367097954664,0.7830090913434203,0.913828133658949,0.8761286940704144,0.8142319748652315,0.633842851803366,0.8508107862927281,0.3866078123021579,0.7039006912683905,0.04418069320798583,0.37074178199484814,0.5198143502999317,0.2707121994039335,0.2219480266544572,0.22052404085997487,0.2324074983599938
25,0.278896051417437,0.13770273291672008,0.8109745884884926,0.8928268514293691,0.8806936100852416,0.875603927507578,0.6287781267054011,0.7896169255382505,0.4655312069273444,0.7572622021038536,0.0,0.3940751971074449,0.5709574463476355,0.31392893463037164,0.24433964391188776,0.22928547838395127,0.24778978117376646
26,0.35708398690758614,0.19034768118269293,0.7919700095222056,0.855807144728753,0.8257622359005634,0.6844999453778868,0.8169523399659694,0.7137700479978696,0.428429370089331,0.5932350585602003,0.03903253591627975,0.46439195480310513,0.5424696573117891,0.43350444986834674,0.3029493239804447,0.2809733525699604,0.3141285603240517
27,0.6153289458758234,0.15275557413658006,0.8279146360749791,0.8870905598502306,0.8140205589995383,0.6884138426966212,0.7369881548991106,0.5626423335864006,0.4661115885613153,0.7093984424632265,0.12499879042071478,0.5335580414515274,0.544377039790293,0.500657247924666,0.34085103626967994,0.3273666705779312,0.3333801491928041
28,0.45419697750264065,0.097760030118534,0.8218202440933325,0.8397487822797352,0.8161956980248198,0.7083215357364363,0.650062210886421,0.7197835415615328,0.423053464469463,0.7292630010853359,0.0869135987282514,0.47118489052781554,0.5543504748997534,0.41986227785807634,0.2974123561482868,0.2722120978910363,0.3144451210284641
29,0.4147789750148813,0.11966175304959756,0.8109876523420416,0.8447514262046913,0.80236967709616,0.6811234408966577,0.6786507647535178,0.6630377732147412,0.3282670767936394,0.7053354841206732,0.11215125267824991,0.41925776068481363,0.5842683277693153,0.5959063779763392,0.39789183642813236,0.4126369448343062,0.4049177048928126
30,0.4502066462043652,0.15646737666656527,0.8146612811104569,0.8605675654462848,0.8124280292111445,0.7493742784167776,0.793688475029301,0.7519802687829846,0.46130120953368076,0.7862137837073094,0.17396937089900213,0.3699821313856533,0.6530688537928961,0.6649107234880014,0.4190052226526307,0.40637067266265026,0.43088232364600904
31,0.32666258388384783,0.12153497331646286,0.7684764786347859,0.8284619817927752,0.7658704519782676,0.6562181758910542,0.6812834845507422,0.6579114370482841,0.3345782525703964,0.7070298336048031,0.14664224492916605,0.3110356879902098,0.6766204850113465,0.5928552871091614,0.394738578626092,0.42146485842309744,0.4140951263096706
32,0.42737370295259497,0.17288106802554576,0.7985979618420486,0.7684488366268654,0.7292580655574389,0.6272392649888655,0.699617600328764,0.7440614056943309,0.3421060315196062,0.6719927591255439,0.13231105216475336,0.517870983824849,0.5774036362540526,0.7143295384982856,0.42866195135002977,0.4710621793253876,0.47215115866188323
33,0.2727642120471028,0.19112501727415537,0.7369422424180979,0.7558732952360017,0.7699580692369518,0.6768812614253826,0.760015011567792,0.673498232300943,0.25588043639130004,0.6303481052974115,0.08886459538176737,0.30630806540389544,0.5116516912274168,0.7207126504659503,0.4280610886874161,0.44935904426438467,0.47899009759446115
34,0.3758198094245773,0.22788429340877678,0.6996012533635447,0.7569921102698397,0.7505100359332287,0.6499691691122291,0.7098768247587663,0.7210130120743699,0.21642072881303007,0.6810984190855414,0.17218477174760483,0.46473630604062577,0.5833020775611235,0.716095443862066,0.448565400380966,0.48011640157516333,0.48713896840163845
35,0.38426388728080535,0.2039780335430762,0.6832088081812144,0.7618184960378296,0.7691332155731252,0.7693181705315132,0.6837193632679096,0.5824516059533225,0.1693900584023931,0.6440289031371138,0.14072642535135907,0.4374688360241062,0.5420836812555884,0.7493564752972152,0.45805869470816657,0.525394576735555,0.4947163741640528
36,0.36347917662577045,0.26245100079095646,0.6612596291631254,0.6991783342968733,0.732749451573643,0.6551992496113284,0.5032303573735014,0.6489275410670934,0.10106456994433641,0.6310971889341302,0.13772977260604854,0.4503435354176902,0.502106315026992,0.7231997281226107,0.4350197548703949,0.45205369984566324,0.4729126456661263
37,0.3294865776427598,0.2504342445155027,0.6520442883995148,0.7515512273852687,0.7661629568012613,0.7646777672668345,0.6406598406942725,0.44879300416101403,0.03206643133221399,0.6156971886881815,0.17482933845153995,0.4574644833193994,0.5344731156810848,0.7357934193824409,0.43374957850545864,0.4776958962645637,0.47546990163154507
38,0.39358898572183526,0.2791339947073344,0.6543084846730225,0.7387192640927834,0.7342862563608387,0.7529239286580723,0.6848977832319999,0.6847035208184453,0.09916520970188576,0.6477817875368947,0.21019052078620204,0.4983662155392204,0.5732281118784364,0.8049946473681421,0.4880214565329084,0.522574648244895,0.5311157356242936
39,0.45976851637082544,0.28369283140882107,0.6375605381854156,0.7093324727738073,0.738650752440896,0.7679386592026378,0.6595345259331526,0.7381711073639141,0.030857224399464506,0.5958219062406576,0.19432382585427094,0.5527580522809689,0.42841879696368634,0.7552906881111882,0.4568385675734506,0.5146059255787945,0.5106113422780686
40,0.38497245541989633,0.31756632015132885,0.608274385332597,0.6931784793563269,0.7289533290117103,0.7127990047199733,0.4737032322861404,0.7091386453317039,0.07176767889377426,0.5594420591338963,0.2161344921273045,0.4596103968744725,0.358719725435567,0.8176733005409469,0.4703068536410424,0.5020930317342551,0.5192171997887176
41,0.6886330179617296,0.35804583110003524,0.6788792947317772,0.7268897583840119,0.6891816784624997,0.5935368654789414,0.5421025893722948,0.5964857714067214,0.10886857040370448,0.5205883074115126,0.15938108925310968,0.6597122829411446,0.4114050203994569,0.8960158067035858,0.5044837486054232,0.5374105220067639,0.5473009944864942
42,0.749983852962152,0.34248016006295856,0.670889265151051,0.7348281989109591,0.7140266715087902,0.6362355355702235,0.7116893227751321,0.6310811850594016,0.21081433451626233,0.5634087528114197,0.21753587071907018,0.7011321407980433,0.4242122247903192,0.9397945061958816,0.5399754747609431,0.5621505988846232,0.5616120154798703
43,0.586703832537007,0.34683261265840115,0.7074945592407618,0.7506329699619435,0.7334841064351709,0.6915154781174027,0.7062434963131936,0.7568463993903908,0.21898785933546386,0.575885807806398,0.1942460641124414,0.6204824983745058,0.5197939019235942,0.8829161555299476,0.5074177994700424,0.5167003015462418,0.5410271975955921
44,0.5799948972548855,0.308939438316802,0.6848204992793504,0.7172838263524379,0.7270911640351683,0.683493786084794,0.7215818570979151,0.642298662460427,0.13632666032239354,0.5854210267768635,0.21325483036251272,0.5526599370109199,0.4341181761482148,0.7995614798010028,0.49507526080415915,0.50582735879674,0.5333968792917526
45,0.5812471030005111,0.32858712073952595,0.7390452682293197,0.7127249902856936,0.7075882371266039,0.6826714713967681,0.7084787300824951,0.8026741597137748,0.16446342666269856,0.6977045155109269,0.21551285809344017,0.6371484884837825,0.5602364375408796,0.8215062560608365,0.516724342390705,0.5413019877665436,0.5368659981267958
46,0.6315682319949301,0.2802300615217249,0.713282501066318,0.6835262500641301,0.6975226211171464,0.657809951044819,0.5625570638423356,0.7837134636418626,0.191758283910734,0.6680200908430622,0.2550040337383799,0.623109473884944,0.5208775796783522,0.7460299162192945,0.4715110004596862,0.49282377297271085,0.5141090031354527
47,0.602178080589381,0.2721798148474795,0.7551299063168324,0.6583693812953765,0.653482447870708,0.6258959494852877,0.5935604090333938,0.7279591965481509,0.16207558322385537,0.7535336986154879,0.25437998159844244,0.5868984560841117,0.5707022850627393,0.6988869108661724,0.47454661911387935,0.5095941415772197,0.5080556911908012
48,0.6240546238914273,0.25796660437738783,0.7451727237964919,0.6482278540945902,0.6313005846338291,0.577826090413533,0.6495565027157539,0.7153965642334854,0.09865662245128992,0.6463439173437246,0.29043294963379007,0.5723455260917748,0.552916647052723,0.6655525594869471,0.4745985683569666,0.5121585405707272,0.4997918625245891
49,0.5237569692065879,0.22827493465811466,0.6831495459513193,0.6121900996270141,0.6176706989730676,0.6159061103404374,0.6215620593658107,0.6818573377978103,0.004770094367870765,0.6098763042264618,0.2414915802247651,0.47622198257051723,0.5923193771821283,0.5222519744037616,0.44373004007665223,0.4490063281816277,0.4594914481525901
50,0.4370111561990533,0.23763772087320986,0.7178482552472486,0.617479380983219,0.6217768554861646,0.5808834803597248,0.6514071994807723,0.6866522225081653,0.02712520832889725,0.7020816577116749,0.2637217495068134,0.5222974087412767,0.5465638343216577,0.5480646113661082,0.4717617255045971,0.46278490034496567,0.49474073058007945
51,0.5051010712299776,0.26813434602748026,0.6585113460490978,0.5999317892498992,0.6064844389869152,0.5098205643056082,0.5877407852615033,0.6109843059900903,0.0,0.609531682748684,0.2719296643406278,0.5174098800944068,0.4608653016133531,0.5202836427136017,0.4755014340601234,0.4998751876717177,0.5171218915919044
52,0.43273716709698073,0.2752646694018179,0.7332159762640584,0.5761719878725915,0.6025150926636862,0.5934388162316578,0.6841533121681888,0.5920297856998183,0.07730888234598526,0.6376850981607532,0.26872771847919075,0.4884223155624615,0.5412803584822079,0.5352461335792587,0.479866830603958,0.48679117921992154,0.5265390485766804
53,0.4487239292729068,0.2808385341166223,0.7353858028687581,0.5940797879226697,0.599696766180344,0.5628248813451211,0.6576163540679578,0.49173909060409016,0.11776122896246823,0.7156409172003575,0.28148467044988945,0.48783641012222073,0.5805727604759943,0.5156166610487638,0.4760195268178818,0.4758581561660895,0.5219269013456913
54,0.4612205144870024,0.3348823279608023,0.7430187558337321,0.6040376292443284,0.5979548088718896,0.5601918198822481,0.4543451050273917,0.4716141294974862,0.15835276208274648,0.6893237727220168,0.30834175075862214,0.47594913475836226,0.6052527390173758,0.59455563223049,0.5094613281060931,0.5287085274030754,0.5474810623741279
55,0.5331057045502616,0.34697863123194483,0.8037942128456208,0.6193715473003825,0.5716916757237602,0.5275917669536424,0.5828574731294719,0.43246076275720213,0.2872071636591797,0.7386471543539475,0.3217402918672716,0.49643358285324546,0.7224693122565247,0.5990565235014119,0.5134424324442668,0.5367837997211035,0.5547239026158705
56,0.49706963691716793,0.3845246365760768,0.7435394755934218,0.5838735062683647,0.549287638557635,0.4921694398271934,0.6025930714180621,0.5537163501864162,0.20329092098527696,0.7234393308159517,0.3549274986713803,0.45307090612887957,0.7024907391894123,0.5499088847298221,0.5101510677382216,0.5318256431186169,0.5364973132028913
57,0.7041418312800696,0.41247565163738903,0.7339432350190414,0.5782598100834063,0.5486457900018805,0.49504027542410056,0.5303203356368519,0.4941779748435833,0.23366189237478727,0.7249808384797901,0.2975537557234709,0.5845323552526777,0.535257496051842,0.5481924978381233,0.5303165215970103,0.5508698072771778,0.5642444165762973
58,0.4945093273341089,0.3866426132118775,0.7225856446076527,0.587468746600184,0.5268376411163451,0.4913886974269311,0.5042210103355851,0.5445737544618415,0.257793336071662,0.7204748399331923,0.3616978808586575,0.5033612812846576,0.5698320402642414,0.4653194020617781,0.5000455569933232,0.5067763864641047,0.5462026768503506
59,0.4675684734830978,0.36104115272215875,0.6896592875125975,0.6064934211143159,0.5380005933824591,0.5602913217370216,0.5522888508584269,0.5769394081980854,0.32732314626903514,0.6131565115765006,0.3140104797414851,0.5072115756263184,0.5849835854959087,0.4857524230631908,0.505060269930593,0.4684523419353833,0.5453810353522146
60,0.40503609306843014,0.4094870242543025,0.7302152945622457,0.576422183265281,0.5282200892774919,0.5909494279742648,0.5141355348856956,0.366622296356232,0.35017808503489406,0.7049686680462149,0.351210306962493,0.4496089193370784,0.6929079033613116,0.5648169342408224,0.5629211688715834,0.539978748710989,0.584066199339931
61,0.5314798622606034,0.4301011379468667,0.6924466200759847,0.5513656727369155,0.4951043446839219,0.49968084761441856,0.5593270462293515,0.4812632014982175,0.3431082917648165,0.6152996960487588,0.382276132662771,0.5264752704255712,0.6118884938615406,0.5497864465182832,0.5711372951850107,0.5545492091731579,0.5847553661134537
62,0.4705200529027736,0.45417139392572137,0.6729964715989952,0.5284283971298247,0.5080380876710353,0.5604063631674326,0.4949745098321688,0.5096245333955454,0.34704190233274695,0.687201119210214,0.3796267370811186,0.5774319563387519,0.6147082247768101,0.4627214344339657,0.5524583666556053,0.5235584680772009,0.558637019212837
63,0.39900727019539484,0.46419288887518567,0.6716019937021128,0.538989516187148,0.5062153805474756,0.5167411415621809,0.5435068963315425,0.4413564665751935,0.35154012645105953,0.6447023975531725,0.36898103785986125,0.45085580852468315,0.566351981564419,0.4212167173130832,0.5531533968988906,0.5068331209999278,0.5650269849189086
64,0.38481915738290695,0.48913926698589,0.6976951464621636,0.5262869198977511,0.4755301156567499,0.46668317342872645,0.512784317879345,0.5584948688140782,0.33429303764202734,0.7163402739896207,0.460378670407481,0.41516281019870355,0.5742967758136758,0.4523966841788641,0.5754126204685003,0.5555010019207958,0.5936163855942229
65,0.4120834613995097,0.5108391917234676,0.6711201659065783,0.578231580813196,0.5312053726020534,0.5678484664827217,0.5059131971548722,0.48314902580732516,0.46308049626874637,0.6670093460035609,0.4561603092857273,0.5407535673642722,0.5526182811475308,0.4966730231380913,0.5874121367386298,0.5511136059838804,0.6129725458161336
66,0.5532085353958277,0.5006227413784137,0.6724349361418598,0.5907087245550342,0.5194277722904225,0.543943220275333,0.5744613340905316,0.44333818946233616,0.5493719976292439,0.6654042685715504,0.48232449723598764,0.649856700653686,0.5528520083315838,0.5012971585400563,0.5949549621754856,0.5506848970994476,0.612695089770874
67,0.5789559000813108,0.5249135043364572,0.7350033984862948,0.5642070647755189,0.5032167437189657,0.5306331191057725,0.5975978900093261,0.6692842669351995,0.5898342601749259,0.7063969074460843,0.4389781296498101,0.6329225192291946,0.6921740600734924,0.5279510986055984,0.6197932616974945,0.5892679837041215,0.6474786131988065
68,0.5597221436378178,0.49233394192136165,0.7218641181642477,0.6018001034868964,0.5061643037538955,0.5626306179487476,0.4862654225446037,0.5231925371396017,0.616697775294419,0.7885832813791092,0.47072491665332455,0.6152426345948216,0.698714966454101,0.4906585238549584,0.6395056998527499,0.5859358065349918,0.6390623529837525
69,0.5660335360042236,0.521263042553051,0.7401374727461758,0.568685935993696,0.4740699928528668,0.4901402514785441,0.48211609815384454,0.6414873751455635,0.6960611725664714,0.7104378787915843,0.488348103347718,0.6454421192418289,0.6751912608811592,0.5344163251494451,0.642821450984372,0.5739361465545373,0.6569706512112085
70,0.672215108916841,0.4892050034608783,0.7997186673163676,0.585148526484704,0.4721658806384004,0.496273659261,0.4589543338542191,0.6014636270319975,0.7576346068826326,0.8137297822950879,0.49616294638077035,0.7280889817481272,0.7542491488562391,0.5720415434698178,0.6644187418967835,0.6488565464098495,0.6693222841829362
71,0.5708226361463268,0.5192697363842529,0.7375807887154303,0.5890355420457191,0.4910833589097607,0.5873996763622397,0.3834397695962004,0.6969887885408661,0.7378137685079446,0.7245682090586381,0.4452318058945351,0.6285640043460263,0.7015323640778198,0.5279253643450308,0.642314066680632,0.6073983477002438,0.6599622175907341
72,0.4199800567807541,0.5755081436276485,0.7729687107555314,0.581822618643795,0.47523130708374767,0.590029822344665,0.4191082681922992,0.6264944691190817,0.7397824186591773,0.8478143112657848,0.42034531132533515,0.5654683719599738,0.806920051745701,0.5413002662917122,0.640483853469194,0.582213952676022,0.6700126623376033
73,0.4846232133581756,0.5631274696305818,0.7713609891253473,0.5557958597012609,0.4291936342639972,0.43917323503683686,0.45047389977198793,0.6220120235356247,0.7527163238709851,0.8155335349958167,0.45584007895130096,0.5533818236591929,0.8465276512246306,0.569074839348688,0.6671815024572657,0.6854918052153833,0.6941872444645909
74,0.6336050649386271,0.5913858466665802,0.7246385274544429,0.5720719428153735,0.46214021491636414,0.5476899173164853,0.5000904267279731,0.7058750568180655,0.7538940664165333,0.7935994654229467,0.46743322810434396,0.6567643163246167,0.7152530862625834,0.5817360179520737,0.6656311217814515,0.6029340402558341,0.6953369827784577
75,0.6153490022209667,0.6178374095648823,0.7388567274516867,0.5607729541469311,0.45936743400335617,0.5650060857407887,0.42106210158337853,0.5974927924056727,0.7965488419671218,0.793065123258701,0.5253521573349942,0.7143453342050708,0.77453676006818,0.6014661524664664,0.6680908355158487,0.6210396410633485,0.695359513384527
76,0.5207375322430917,0.6030990349067606,0.6956293265607688,0.5651138375262535,0.4739593552873426,0.6488650861972154,0.4938879708945183,0.6675994654801127,0.7949541499871496,0.798565459647321,0.49887198779793457,0.5506008197505893,0.7962656024191248,0.5435870426161515,0.6724592395238208,0.6235604410993265,0.6893467232438906
77,0.4381741925528676,0.6477793347580002,0.7214789408236,0.544382230970825,0.4381085121487396,0.5449647202803461,0.5488074604609413,0.6418473276875333,0.7010207629862691,0.7740407287294577,0.5259715668607176,0.50465933078984,0.7716921732932807,0.5399775878280129,0.6965575591158142,0.6543431040705915,0.6915155763668233
78,0.5005902196013459,0.6872591561722536,0.7113902686329752,0.5454654608693017,0.4210470282031017,0.5593030598811244,0.4185803544277363,0.5680881940110087,0.7352229862984146,0.8335391604699014,0.5762947513710545,0.579593324836613,0.8450214339676109,0.5023778684297515,0.688790532947903,0.6063110816082145,0.6961038383199861
79,0.5989063498648654,0.703447734383317,0.7145448004683734,0.5034365826155527,0.41649305377020707,0.5573879120999495,0.5686289561809985,0.46026533632056177,0.8135129941120951,0.8907104452750187,0.5761690600337913,0.5960329948814252,0.9395257321322286,0.6639191288237044,0.7412977173813047,0.7215618123822818,0.7507088808310938
80,0.5880531986368657,0.7190854640114123,0.7034945259257919,0.5147873945302116,0.39099673012952807,0.5158926699728364,0.494317393545687,0.5212297062175656,0.8439513623726832,0.8016669495474203,0.6222392435127932,0.6387269892376588,0.8005091895773047,0.6648151005291607,0.7370010582287456,0.6886962328272078,0.7727059275924316
81,0.5874608398490653,0.7462100370624741,0.6808808312622161,0.4886475847873825,0.380873742048477,0.5279671929157463,0.5099553893479853,0.4675075833888387,0.8139913952670097,0.7511026088003987,0.6103354493587783,0.6100513904450132,0.7628057350693368,0.6387832443082488,0.7353627865979947,0.6768993046409594,0.7743054790127959
82,0.6604757830167979,0.7711029112508639,0.6731660569708562,0.47293128504506887,0.34524869400664765,0.42259241722167157,0.5561090662384413,0.46782471731591474,0.674031532779511,0.6889346794673379,0.586027940757337,0.6301923701109687,0.6962716932652647,0.6069979204410583,0.7489708181117276,0.7493947836986058,0.7773477773720046
83,0.6702970262915751,0.7935843091591973,0.6489106031760873,0.46762074514792257,0.3625104192535231,0.44626297207143817,0.5437806507621784,0.4205842874812391,0.7907421852308212,0.6891399693494088,0.672240948063279,0.6848204356589799,0.6613970785033019,0.6919456099197708,0.7591980743304086,0.7304218617858079,0.8006456412650661
84,0.660713395806982,0.802753691107031,0.6919962220309138,0.4387223497310061,0.31284989589194806,0.3901936898804283,0.4041465155181073,0.38273694590391827,0.8231713033107378,0.7253922169470437,0.6608941192297129,0.7853641975739386,0.7049461231737636,0.6781856131104365,0.7597595103135631,0.7244649827988373,0.809305471959588
85,0.7404058691214189,0.8622101793917915,0.697011018868163,0.4170753904281693,0.3190176584822615,0.3928826574225016,0.5249281969100095,0.4833073820850644,0.856739532720183,0.7685624517640045,0.6712618282559283,0.8268117314392752,0.7355193692358961,0.8814057716980452,0.8477911985669725,0.8433136225784329,0.9056407620220589
86,0.8478182845720409,0.8241527672821495,0.6817509986800224,0.4295279083482569,0.34235527958379164,0.46573522788902577,0.30707218015342785,0.4314283040698437,0.9794601442287095,0.7865649564765168,0.6855669009132357,0.8406225977143041,0.7561554061902448,0.8857575528115491,0.8569455601690468,0.821698843979022,0.9065708171281718
87,0.7412051406359643,0.804770483434104,0.6550854345248713,0.40547927568658315,0.3282098931757985,0.4444731804480693,0.34901091959970604,0.4583140459311859,1.0,0.7741018927342719,0.668137261243249,0.8225453191515972,0.7648865960511709,0.8767770046859067,0.8526023153968912,0.8240542162143517,0.9093439165696047
88,0.7611750868897006,0.8648285922541024,0.644403713914525,0.36814028593213327,0.2897505071512039,0.41846100911587764,0.3928641919296856,0.5531858953077804,0.9175718515201653,0.7849681169066846,0.7018275203306464,0.8520926007228825,0.8047985498298637,0.8640658728314102,0.8708174001959383,0.8215630652298052,0.9053196180801021
89,0.908920271952671,0.9284249443568255,0.6283804685459387,0.3796618939356626,0.2598668523463369,0.3178709030165162,0.35797582142922385,0.5159626763013545,0.9568899323197257,0.7367698955377907,0.7560709048931042,0.8867295863915471,0.7275240110820269,1.0,0.9373561689038125,0.8796074973523511,0.9583894019483417
90,1.0,0.9390048836802056,0.6011501413780745,0.3626816775995597,0.2816008241201775,0.39363790137328136,0.3116099406984113,0.4037709808616943,0.9735461808350946,0.7868742205500212,0.7297005608200645,1.0,0.7256689969799313,0.9992888269897449,0.9483228615527903,0.9117598224596707,0.9725911004467103
91,0.8586202536991875,0.9168378085324558,0.59165615753027,0.3442559545630072,0.24699387345973717,0.29745351849947993,0.374351404832159,0.4650589305892553,0.839207660365409,0.6982681605954388,0.750092141509916,0.8982482669556988,0.60881791061371,0.8095576582970374,0.8709571609928183,0.8377566198670391,0.9139345286164499
92,0.8532192486692461,0.8864864647148929,0.5607942646262387,0.31712240729562774,0.24406560797904828,0.35230836022110373,0.33616410144389586,0.6745988107625602,0.8070883721048031,0.7132469777635164,0.7180814267959063,0.8718729799609846,0.6309830703884728,0.7606905574670932,0.8543001569461887,0.8557067618152544,0.9027139740419866
93,0.7303338334501156,0.8742168028982694,0.48620785894306,0.28625977265209235,0.22704272918691953,0.3073726118871157,0.2879986850522174,0.548899811922477,0.7679388566441623,0.604523343726413,0.7405246832024467,0.7392945386805627,0.5532560741786661,0.6619141338732843,0.8587533527233069,0.827199670140225,0.8905370616605559
94,0.683401952651662,0.9084865063046674,0.45535367474939653,0.3054212695295428,0.21866295254719728,0.2582035948119314,0.2287286650584011,0.4723530210751511,0.7802193896027592,0.5303717003856825,0.7772925976109276,0.7405912839609221,0.45394242118452194,0.7143303136881929,0.8957870817397271,0.8333664340934996,0.9161702164919032
95,0.7226616177759968,0.9350272331375217,0.5288864109041984,0.28084389488492345,0.18452273035674457,0.18134610524353145,0.25834353923860415,0.53060905543472,0.7577060810319546,0.5823514369101561,0.7409786546628859,0.8478295965507439,0.5492148744146853,0.8344588011424791,0.9488535271899469,0.924714173133095,0.9417322041546841
96,0.8872804457330877,0.9504505315660057,0.4661312531402956,0.30072566270587586,0.2043958961972417,0.2838420429085519,0.193604667126356,0.6258656659379158,0.8232191568087689,0.6209450677601815,0.7841553258882242,0.9290054129482265,0.5355352684249676,0.8320277309889571,0.9514090405827845,0.9487054624038926,0.9584497802891478
97,0.8152118460122079,0.9580697230972217,0.4255090162284766,0.30269554100817725,0.23097441988692402,0.3352107763848726,0.35752678455598585,0.5386908228879755,0.8650384248120611,0.5804182228344662,0.7921029028060611,0.8361071611559981,0.43161950988961983,0.805974646973361,0.9422557131121886,0.9213072934035701,0.9521260224293943
98,0.7300948095299998,0.9604611837262844,0.434158730960666,0.27404418928677715,0.18738557602956554,0.2337001212044471,0.275344568834283,0.39157727776050755,0.7791389692960573,0.46052064954257727,0.8499536943852314,0.8747770087966377,0.4541295231712166,0.7998112964458406,0.9382106716536471,0.9433541433372227,0.9607912273286732
99,0.7148424097738505,0.9269359910461741,0.46017423824936965,0.2875682092647815,0.20285970401259842,0.31333603153153056,0.3660992451981268,0.3288679514498713,0.8399547385054477,0.6180148551919104,0.8458777565026713,0.7725412616264691,0.5450537440374775,0.7521792217305356,0.9298974077121047,0.9754146494043838,0.9654063381445956
100,0.7938583944284341,0.9281088750745191,0.41259165991474056,0.22195671597409752,0.16041679241797022,0.2029263145963188,0.3022303160163413,0.41485385629468896,0.7239239507814721,0.5621283564560526,0.8937028991411007,0.7371671542186484,0.5013252636145245,0.683375298375628,0.9278919829638903,0.8871653343311139,0.9443598394952516
101,0.815382103491394,0.9481476960078287,0.3410869899973349,0.22088804712634103,0.15851990075700217,0.18298498162923582,0.19737969992925475,0.33908184842966616,0.7060742560447111,0.4743808974221263,0.8661345673466645,0.7770391661188714,0.41514155151601595,0.7825035474354212,0.9691019738626382,0.9472870722748249,0.9808202890363655
102,0.7480426509430247,0.954605334100128,0.35703710801816096,0.21081071697446183,0.1610150438710067,0.23730145586808393,0.2720705529743045,0.32510544096016136,0.8250093937196946,0.5118917435036345,0.8706976823610136,0.7318778096329666,0.463796032702493,0.8401753050865484,1.0,0.9947143700975475,1.0
103,0.6476891666385288,0.9495054162569032,0.30481919497591786,0.20067509617254956,0.14133647003798902,0.24345509765416837,0.22356789926958998,0.32875875476658867,0.8501135276339389,0.4652093453659206,0.9178291454356272,0.6138788820494774,0.38052895127016334,0.8265992748362964,0.9791197926048374,0.9250452750285793,0.9892912397100856
104,0.7738061810250884,0.9506248899532876,0.32382365313577455,0.20568911153548675,0.13661850441076528,0.2635062074473219,0.21692401081777563,0.10924926393165567,0.7744530474236787,0.4770224451595947,0.9008845704640696,0.7136845988349444,0.4094636523902493,0.6732491501915816,0.9458221812056367,0.8944368913746579,0.9636376781464867
105,0.8776746732280446,0.8905274268314868,0.23150283982483413,0.15843891698082482,0.09476754821492754,0.12987173537748115,0.24435134162600736,0.0,0.8008894372307901,0.32367965321145914,0.9141358435725555,0.7310073242958647,0.3061490281812772,0.6083391826920906,0.9133695014280474,0.8453069885968428,0.9411113748876867
106,0.7989001249819062,0.9164242287242872,0.2491434601714366,0.11912425924666102,0.12470064229499835,0.24473590627229302,0.2943128539591739,0.11258079331526553,0.6878811889907136,0.4759399405438986,0.9336435258666909,0.684391985213155,0.38732178284603297,0.6057908705212877,0.921729643523952,0.872483334372135,0.9325639581876821
107,0.765993359468825,0.899470810139167,0.16650334671826852,0.06192829881614381,0.044783066107733284,0.05822867003569402,0.36956851850617,0.11627324821220882,0.47591292236859506,0.25555696459734184,0.9375972409940669,0.7062001504367184,0.2008905966453354,0.4925623082452993,0.8974865767947507,0.8631370469503286,0.9004527287537076
108,0.6924345881959687,0.8990351061823396,0.17865380014736992,0.06496842187092898,0.06323145585526611,0.11844438740370695,0.23741854489266095,0.16276147897057147,0.5188601022557988,0.28649848164426117,0.8880570317901296,0.6071489825364079,0.26035098561835185,0.5302951413701541,0.8940983076177631,0.831065145089897,0.9135827355942397
109,0.6954156133595035,0.9046751724192187,0.12694524922169623,0.05824961867054518,0.03982697620166613,0.059422005421740885,0.24212912160660371,0.15297993301229457,0.4273406861119898,0.18974422694296075,0.8854911765339325,0.7299926263086361,0.11092054037102522,0.4291954641180991,0.8668614335188684,0.7976870792068258,0.8797501155096097
110,0.675995331625555,0.8915612521588706,0.1043432981385303,0.014892692448251367,0.023024632285024497,0.10360841575960097,0.14373920340250781,0.16697482632964947,0.34370028739828984,0.21929612722646574,0.9245468717344009,0.6490982561685139,0.15659103872777744,0.4270373650983436,0.8547702553233213,0.801785748560264,0.8918970647393146
111,0.5641676858999495,0.9138387554357695,0.06656822330997847,0.02830642135982801,0.041301426689712414,0.12333737868604033,0.2466704006558397,0.1355850659498153,0.3391268415800734,0.24393624371779557,0.8851717471162456,0.5710997514583225,0.1538314316630398,0.43400893426622233,0.873843346195756,0.8020705100970993,0.9087352806711656
112,0.6502327484018519,0.9429060912339325,0.05673186469489358,0.023068529051532442,0.060717128243263606,0.15186862126655393,0.1041722779373295,0.10640927163269367,0.44334798025262057,0.1523479091891087,1.0,0.6441893376508492,0.06695483121697664,0.5176108662192878,0.9241702411791735,0.8462044551409951,0.9385234539804285
113,0.5179523596213161,0.9481835477253816,0.03780476920244197,0.013059411935618352,0.04778052536004454,0.13393338829986765,0.16941526125350484,0.10015945888103331,0.4551995228016689,0.1993181966422385,0.9759683984853735,0.541309573962379,0.09201949437613664,0.5855899541262636,0.9557427096589135,1.0,0.9873379453052892
114,0.5812306655656858,0.9337553058986823,0.03640459197581918,0.03273051393755426,0.06729274123701137,0.14035549626340296,0.12130248895032145,0.09053843696193709,0.4920166158506311,0.1391098953500198,0.9920353643406735,0.5651285417990247,0.0,0.5860544224121056,0.9258116838027513,0.8601408893960772,0.9580259163367808
115,0.3481438096187417,0.9256997357655078,0.01637893650781554,0.00809757510841427,0.04026546779243606,0.1487203160891702,0.1092232756835258,0.18293997270395032,0.4342443653310316,0.1400440499009872,0.929910734021112,0.44563519699561005,0.1452361265254194,0.47394649755570906,0.8671128412467375,0.8087506943375383,0.9235847256036598
116,0.5202634137918399,0.9281626757036312,0.025387350400135504,0.04431634205268309,0.0648294107152344,0.16946874361978306,0.0,0.1953051765424975,0.4760841328514479,0.14374449197639108,0.9887512715456203,0.5402619106377324,0.06594459065931599,0.5629930692601847,0.9285405969269644,0.880092830575158,0.9798019105927823
117,0.5339376890309433,0.9568034900800317,0.00548497983498229,0.033791376989444635,0.023750827904708414,0.07058194672643846,0.22265064834723208,0.16239545858657214,0.39141443376348395,0.18392498001850036,0.9500875653359486,0.5616844969198387,0.08654725603747802,0.47220742702756524,0.907677682056595,0.8605087681749612,0.9502979362629795
118,0.4165393035958018,0.9972547001188472,0.05453844199457416,0.0,0.0,0.0,0.04393743896347145,0.20456236351122517,0.31683823809238176,0.10557996383770758,0.9213722123001696,0.4897542426389887,0.1042511889962371,0.46347302019024544,0.8881065403293775,0.8505696852914236,0.9801184829775036
119,0.5193953118375108,1.0,0.0,0.00901332145721222,0.004883232694563126,4.363955664773368e-05,0.17401684039373358,0.09962068762741629,0.38644253193600603,0.0,0.9620828937152303,0.47702769818111224,0.010129018925211508,0.48744849056109896,0.8954953771968365,0.8354589323660099,0.9832301746575904
