,ABSNJZH,AREA_ACR,MEANGAM,MEANGBH,MEANGBT,MEANGBZ,MEANJZD,MEANJZH,MEANPOT,MEANSHR,R_VALUE,SAVNCPP,SHRGT45,TOTPOT,TOTUSJH,TOTUSJZ,USFLUX,d_l_f,g_s,slf,xray_class,is_coincident
453,145.28,1446.8,38.0,29.49,54.358,67.692,-0.017179,-0.003523,5987.1,29.939,4.9597,5865300000000.0,21.473,3.2792e+23,1177.2,20338000000000.0,2.9707e+22,204.07,155210.0,8.4059,C,False
595,712.73,1380.6,59.745,61.023,89.217,91.441,0.018268,-0.015191,16053.0,52.027,4.3822,24096000000000.0,57.458,1.0003e+24,2347.8,48719000000000.0,2.9541e+22,234.02,46126.0,10.555,C,False
702,0.85296,109.32,23.482,22.88,30.146,31.31,0.93621,-0.0049881,291.44,10.009,3.6503,86568000000.0,0.0,6.6185e+19,1.4461,38234000000.0,9.0106e+19,86.374,0.0,25.498,B,False
836,37.5,432.0,48.7,26.1,46.8,86.4,0.218,-0.0115,9780.0,46.4,4.71,2160000000000.0,48.8,4.24e+22,108.0,1770000000000.0,2.26e+21,32.7,58600.0,2.29,M,False
894,96.976,320.53,26.573,32.768,96.647,97.843,-0.29683,0.0043093,1570.1,22.03,3.4209,6962200000000.0,4.6081,4.6926e+22,581.29,13357000000000.0,1.3586e+22,7.0711,0.0,3.5308,B,False
1112,97.971,699.16,55.878,68.93,105.89,105.28,-0.11625,0.0047538,10520.0,45.175,3.3492,2234600000000.0,47.892,2.8792e+23,951.49,19972000000000.0,1.3157e+22,226.08,8088.2,16.05,B,False
1168,23.265,175.06,34.4,33.398,69.577,79.618,0.14119,0.0017367,4626.2,25.47,3.6916,1016100000000.0,15.721,8.2302e+22,370.1,6628500000000.0,9.4438e+21,466.33,6297.1,66.605,B,False
1407,55.9,2120.0,55.3,69.2,107.0,107.0,0.257,-0.00112,9770.0,44.7,4.34,6600000000000.0,44.6,6.45e+23,2450.0,52100000000000.0,2.9e+22,254.0,20000.0,13.4,M,False
1485,321.0,1930.0,39.2,45.5,85.2,93.6,-0.00128,0.00356,8650.0,33.6,4.93,23700000000000.0,24.5,1.03e+24,4200.0,75300000000000.0,6.54e+22,190.0,28200.0,9.77,M,False
1555,292.37,1011.9,40.229,45.615,79.972,89.853,-0.023609,0.00551,9198.1,32.881,4.7142,12604000000000.0,25.375,6.482e+23,2702.1,42411000000000.0,3.9205e+22,210.35,19806.0,15.879,C,False
1680,129.92,958.07,43.416,31.545,56.834,64.073,0.026407,-0.0034189,10429.0,35.209,4.1998,3627200000000.0,32.241,5.2637e+23,1198.7,19167000000000.0,2.8245e+22,104.17,7934.4,8.2387,C,False
1818,108.95,347.01,25.658,32.139,80.108,84.159,-0.16954,0.0031774,1754.6,19.533,3.1414,5216500000000.0,4.6573,7.9903e+22,888.8,17879000000000.0,2.2463e+22,0.0,0.0,0.0,B,False
1885,48.929,624.29,29.462,35.314,79.704,91.704,-0.071845,-0.001479,3777.1,23.96,4.8067,2497000000000.0,12.245,1.6594e+23,1032.8,18276000000000.0,2.48e+22,351.51,48704.0,21.02,B,False
1956,37.05,622.99,39.226,45.31,97.737,99.188,-0.052587,0.0013622,5950.7,33.411,4.1578,1883000000000.0,25.019,2.1495e+23,961.27,20279000000000.0,1.774e+22,190.29,3283.6,18.837,B,False
1962,136.34,924.3,56.765,52.75,75.848,85.69,0.15143,0.0039059,19123.0,50.466,4.5628,10007000000000.0,57.194,8.8658e+23,1935.2,36211000000000.0,2.5016e+22,182.63,22463.0,8.9376,C,False
1990,884.0,2340.0,53.7,64.1,97.4,101.0,0.0484,0.0123,11800.0,45.9,4.83,25500000000000.0,48.3,1.12e+24,4380.0,83000000000000.0,4.35e+22,292.0,88400.0,12.7,X,False
2087,167.71,2872.7,51.592,68.642,110.91,114.12,0.097143,-0.0022473,8832.1,42.284,4.6899,11338000000000.0,40.352,8.7534e+23,4162.2,86536000000000.0,4.5676e+22,773.23,31147.0,38.214,C,False
2104,180.28,2340.5,35.283,44.545,94.485,98.094,0.11482,0.0018643,3912.9,28.745,4.4992,5899000000000.0,15.287,5.0251e+23,3799.1,77057000000000.0,5.986e+22,1302.0,4038.4,96.091,C,False
2123,380.0,828.0,30.2,39.9,92.5,96.3,-0.237,0.00792,4150.0,24.6,4.15,18800000000000.0,11.8,2.64e+23,1830.0,33000000000000.0,3.53e+22,163.0,1920.0,22.0,M,False
2152,363.0,839.0,31.1,43.0,106.0,107.0,-0.0274,0.00926,3030.0,25.9,3.9,20800000000000.0,9.23,1.58e+23,1440.0,29500000000000.0,2.48e+22,562.0,379.0,72.2,M,False
2190,1662.3,4096.5,50.077,55.722,96.164,102.75,0.19022,0.01425,15424.0,43.38,4.8933,62936000000000.0,42.916,2.3897e+24,6078.0,117690000000000.0,8.028e+22,321.02,124890.0,9.9231,C,False
2197,996.15,3397.8,44.95,49.391,89.829,95.495,-0.11131,0.0092004,13459.0,38.288,4.9622,37785000000000.0,35.212,1.9353e+24,5156.7,96419000000000.0,7.9561e+22,303.04,104610.0,10.813,C,False
2217,987.0,1570.0,39.6,42.0,80.7,86.0,-0.159,-0.0129,8480.0,33.2,4.48,44100000000000.0,25.6,8.63e+23,3080.0,56700000000000.0,5.43e+22,290.0,19400.0,18.3,M,False
2283,239.24,2357.3,41.218,46.154,93.527,96.847,-0.045008,-0.0025523,7198.2,35.468,4.4753,10061000000000.0,26.867,8.9607e+23,3561.9,75791000000000.0,6.06e+22,110.08,1330.1,6.3456,C,False
2459,50.03,404.85,31.15,35.787,84.455,88.642,-0.16276,-0.0018409,3410.0,25.952,3.9846,2371900000000.0,11.399,1.2308e+23,852.98,16977000000000.0,1.7781e+22,275.88,409.38,48.041,B,False
2463,224.85,682.79,30.406,47.081,118.33,119.16,-0.10301,-0.0084556,2425.2,25.674,3.3062,9224800000000.0,6.9081,8.5647e+22,1121.7,23140000000000.0,1.751e+22,175.27,158.04,38.606,B,False
2516,221.62,2352.2,49.381,53.695,97.486,99.806,-0.022708,-0.0034209,12422.0,41.9,4.3944,1888900000000.0,39.995,1.0688e+24,2676.9,56708000000000.0,4.1571e+22,565.37,3946.8,25.603,C,False
2523,28.26,818.71,35.191,28.486,67.59,69.184,-0.18335,-0.00052462,7557.1,28.977,4.8055,5046900000000.0,19.688,5.4066e+23,1441.2,26713000000000.0,3.6363e+22,531.71,97535.0,33.795,B,False
2540,151.73,999.38,50.422,55.183,92.641,99.213,0.1802,-0.0074352,14505.0,43.451,4.0431,3476300000000.0,44.529,3.9314e+23,995.51,18637000000000.0,1.5478e+22,103.73,11459.0,6.6361,B,False
2590,483.66,574.95,34.568,43.145,102.66,103.51,0.42071,0.017321,4812.1,28.971,0.0,16178000000000.0,15.485,1.7845e+23,1167.1,21797000000000.0,1.801e+22,528.08,24143.0,31.687,C,False
2592,26.542,139.63,25.43,28.824,66.397,69.016,0.059754,0.0019769,1854.6,18.811,0.0,1042100000000.0,2.9937,3.3073e+22,335.33,6017100000000.0,9.3398e+21,596.93,320.18,65.087,B,False
2681,34.203,290.14,26.611,27.932,47.607,49.857,-0.10829,0.0024427,2249.8,21.626,4.3876,1612200000000.0,4.7418,4.1839e+22,271.64,4409000000000.0,1.0361e+22,157.58,70208.0,9.8333,C,False
2748,114.08,746.47,52.203,49.939,87.578,90.777,0.039643,-0.0044699,12167.0,45.46,4.1402,3464500000000.0,47.095,4.1236e+23,1051.5,23499000000000.0,1.5317e+22,101.21,2302.9,7.5549,B,False
2750,49.278,572.45,46.594,42.217,79.595,83.703,-0.10376,-0.0017355,10010.0,40.916,3.7199,3113100000000.0,37.299,3.7746e+23,1075.1,23424000000000.0,1.7836e+22,29.53,0.0,2.4241,B,False
2753,124.09,1064.4,30.23,36.179,74.392,79.543,-0.044854,0.0019243,3041.9,24.562,4.1375,2892600000000.0,9.8801,2.6054e+23,1981.7,37505000000000.0,4.4506e+22,232.34,95.665,72.181,C,False
2823,238.28,1356.6,47.217,48.791,82.617,88.429,-0.08528,-0.0042312,10079.0,40.81,4.6645,5393800000000.0,39.268,7.5386e+23,2456.9,48777000000000.0,3.9571e+22,259.61,17263.0,12.499,B,False
2824,155.73,1138.7,57.887,55.09,87.184,89.269,0.15884,-0.0047379,14301.0,49.514,3.7584,2792400000000.0,56.108,6.2428e+23,1249.2,29549000000000.0,2.0105e+22,300.06,6798.1,16.364,B,False
2832,227.04,953.62,43.934,43.643,83.651,87.573,-0.052584,-0.0054336,8630.4,37.189,4.3567,6432900000000.0,33.373,4.7892e+23,1581.0,32380000000000.0,2.7387e+22,286.95,6017.7,18.685,B,False
2884,263.61,787.31,44.694,63.572,116.8,115.31,0.14129,-0.0097153,6164.8,35.704,3.7882,7840000000000.0,29.144,2.2215e+23,1405.0,26887000000000.0,1.8242e+22,421.52,5007.7,35.878,B,False
2887,69.735,81.407,30.467,46.386,89.677,112.65,-0.33105,0.010702,4555.3,24.965,3.1413,1892300000000.0,11.28,3.942e+22,340.83,6371300000000.0,4.6508e+21,0.0,0.0,0.0,C,False
2930,361.65,2172.9,48.79,62.36,108.43,109.18,0.53381,0.0087145,7043.5,38.307,3.9962,11609000000000.0,33.562,3.8821e+23,1946.6,42051000000000.0,2.3735e+22,502.45,4030.9,33.618,B,False
2999,4.9559,486.55,52.526,36.028,56.069,63.407,-0.025121,-0.0001986,14235.0,45.722,4.0472,3706000000000.0,47.408,4.7184e+23,896.38,15280000000000.0,1.6785e+22,796.33,5117.5,65.717,C,False
3022,187.0,951.0,52.8,61.2,98.7,104.0,0.199,-0.00543,11600.0,44.9,4.42,8830000000000.0,47.2,5.31e+23,1840.0,37300000000000.0,2.33e+22,256.0,14300.0,14.8,M,False
3053,299.35,1367.2,40.042,42.625,80.058,86.403,0.045838,-0.0048522,8107.3,34.382,4.5395,18302000000000.0,25.663,6.6426e+23,2414.4,45562000000000.0,4.4739e+22,278.27,9063.2,19.404,B,False
3073,349.0,1560.0,49.0,61.7,108.0,110.0,0.276,-0.01,10100.0,39.8,4.09,14400000000000.0,36.5,4.65e+23,1640.0,34500000000000.0,2.21e+22,740.0,6160.0,46.7,M,False
3090,577.75,1393.4,42.037,59.874,118.04,121.67,0.3138,0.018767,4667.4,34.319,4.3102,25992000000000.0,24.745,1.9083e+23,1659.1,35357000000000.0,1.7762e+22,86.744,9372.8,9.0645,C,False
3177,176.0,1630.0,45.2,58.6,107.0,111.0,0.0869,-0.00291,6620.0,37.9,4.58,2760000000000.0,32.0,5.32e+23,2920.0,60200000000000.0,3.82e+22,334.0,17100.0,19.7,M,False
3178,62.3,393.0,27.6,29.5,72.5,81.4,-0.179,-0.00252,1940.0,21.3,4.75,3180000000000.0,6.95,6.38e+22,573.0,11900000000000.0,1.58e+22,79.7,105000.0,4.35,M,False
3197,70.042,394.21,40.273,38.625,84.517,87.041,0.022501,-0.0035803,8553.1,34.304,3.9063,6961400000000.0,26.766,2.2225e+23,650.41,13682000000000.0,1.2702e+22,0.0,0.0,0.0,B,False
3213,16.3,394.0,28.6,33.9,76.1,80.6,-0.102,0.00043,2750.0,21.5,3.97,1990000000000.0,6.75,1.39e+23,1170.0,21900000000000.0,2.67e+22,63.2,308.0,17.4,M,False
3226,124.4,1699.6,49.35,62.386,105.45,105.2,0.25521,0.0021573,5617.2,40.254,4.6294,14755000000000.0,35.544,4.3019e+23,2626.4,65027000000000.0,2.8596e+22,212.9,16884.0,14.797,C,False
3255,253.39,863.34,56.906,77.603,106.97,116.89,0.024985,0.010346,14512.0,47.234,4.603,5909300000000.0,50.627,4.7209e+23,2050.1,35482000000000.0,1.6081e+22,118.76,33455.0,6.8961,C,False
3280,321.89,1420.0,50.346,52.435,85.03,90.446,-0.068603,-0.0057084,12030.0,43.974,4.5035,7364400000000.0,44.605,9.0091e+23,2496.8,49881000000000.0,3.9633e+22,270.98,25609.0,12.814,C,False
3319,712.0,3150.0,40.6,36.5,70.0,85.4,0.105,0.00576,9000.0,34.9,4.57,37000000000000.0,27.9,1.48e+24,4950.0,81600000000000.0,9.18e+22,358.0,24700.0,16.6,M,False
3335,1006.2,4231.3,48.605,55.468,97.858,103.51,0.049335,0.0068609,12288.0,42.195,5.1087,44176000000000.0,40.525,2.3932e+24,7463.7,147010000000000.0,1.0006e+23,572.84,224020.0,17.042,C,False
3341,218.0,1290.0,46.0,27.4,50.5,61.1,0.0488,0.00441,10400.0,34.7,4.58,16500000000000.0,31.1,6.8e+23,1310.0,22900000000000.0,3.36e+22,257.0,77300.0,13.4,M,False
3416,121.66,957.68,56.128,69.656,103.0,105.19,0.16716,-0.0038957,10308.0,46.223,4.6044,3145300000000.0,47.235,4.2754e+23,1675.3,36402000000000.0,1.7645e+22,221.77,19115.0,12.693,B,False
3431,208.9,1002.9,32.883,38.956,91.047,91.964,-0.095316,-0.0037254,3212.0,27.518,3.9961,12968000000000.0,13.425,2.392e+23,1869.1,39005000000000.0,3.4074e+22,338.96,1179.9,42.875,C,False
3432,51.5,1210.0,35.1,45.3,102.0,104.0,0.0517,-0.00101,4330.0,29.5,4.37,2320000000000.0,16.5,2.92e+23,1960.0,41400000000000.0,3.25e+22,288.0,2660.0,24.6,M,False
3491,7.9515,112.71,34.568,44.343,93.847,104.03,0.20855,-0.00083753,3296.7,26.922,3.7792,1076400000000.0,12.187,4.1567e+22,437.27,8565900000000.0,6.0247e+21,0.0,0.0,0.0,B,False
3501,56.524,587.26,27.696,29.496,78.058,78.717,-0.029555,-0.0012521,2302.2,21.984,3.8188,1533400000000.0,7.1992,1.3803e+23,1044.3,22168000000000.0,2.781e+22,0.0,0.0,0.0,B,False
3502,255.0,1400.0,37.3,54.2,108.0,111.0,0.0489,0.00631,4170.0,30.5,4.4,13500000000000.0,17.5,2.23e+23,1930.0,42100000000000.0,2.5e+22,1100.0,4920.0,100.0,M,False
3509,33.97,805.61,31.101,40.157,93.604,97.643,-0.07737,0.0007568,2954.8,25.55,0.0,4105400000000.0,10.818,1.7614e+23,1518.8,30791000000000.0,2.9865e+22,1114.9,5026.3,91.388,C,False
3513,93.845,546.9,29.846,33.669,73.316,81.645,-0.064563,0.0023644,3124.5,22.629,0.0,4994400000000.0,9.2109,1.647e+23,1222.2,22447000000000.0,2.7771e+22,645.69,239.16,201.68,C,False
3519,31.074,1376.9,50.323,68.217,112.66,114.64,0.23823,0.0010549,7763.9,39.833,3.8542,3694600000000.0,36.771,3.0374e+23,1526.8,32384000000000.0,1.843e+22,280.79,7361.3,21.62,B,False
3521,31.344,129.49,31.575,35.851,72.875,74.679,-0.19816,0.0023407,2940.0,24.949,3.291,1406400000000.0,6.0339,5.2285e+22,427.17,7558700000000.0,9.0822e+21,145.44,124.98,32.844,B,False
3564,16.307,725.74,44.985,55.671,108.76,108.4,0.18414,-0.00070705,7342.9,37.19,3.9878,3433200000000.0,31.045,2.249e+23,993.12,22211000000000.0,1.37e+22,199.77,1435.2,19.099,C,False
3567,47.738,982.41,47.049,55.633,101.29,103.24,0.084007,-0.0014751,9223.2,39.425,4.4872,1385200000000.0,35.682,3.9642e+23,1433.6,30462000000000.0,2.1052e+22,181.94,8372.5,12.089,B,False
3587,128.0,1880.0,38.4,36.0,66.4,78.3,0.00281,0.00138,7970.0,33.3,4.61,10500000000000.0,24.7,9.79e+23,3470.0,57900000000000.0,6.83e+22,403.0,10800.0,28.9,M,False
3588,253.0,982.0,48.3,54.8,101.0,101.0,0.553,-0.0105,14000.0,41.1,3.81,6930000000000.0,39.0,4.47e+23,1110.0,23300000000000.0,1.6e+22,192.0,5620.0,13.2,M,False
3699,11.496,628.14,30.756,37.985,87.497,90.542,-0.13483,-0.00026667,3951.1,23.983,4.2174,3764300000000.0,11.598,2.2622e+23,1537.1,30237000000000.0,3.0303e+22,113.98,0.0,11.665,C,False
3706,45.962,1143.7,46.739,62.52,111.78,112.3,-0.16495,-0.001561,7987.9,37.878,4.0292,3516500000000.0,33.262,3.1236e+23,1469.4,32130000000000.0,1.8555e+22,153.23,5847.3,11.187,C,False
3753,5.0447,767.37,36.125,44.928,93.462,96.723,-0.10844,-0.00013338,5308.3,30.656,3.9831,2196300000000.0,18.068,2.6664e+23,1549.0,30486000000000.0,2.6425e+22,215.63,1994.5,19.759,B,False
3755,241.0,1300.0,51.6,67.8,107.0,109.0,0.36,0.00837,9100.0,41.9,4.35,13600000000000.0,40.0,3.48e+23,1620.0,33400000000000.0,1.6e+22,63.9,12700.0,4.88,X,False
3763,234.0,977.0,35.5,41.9,90.0,95.7,0.113,0.00477,5140.0,30.2,4.43,12500000000000.0,16.8,3.35e+23,1880.0,38500000000000.0,3.17e+22,95.1,2280.0,7.8,M,False
3811,1050.6,2773.4,44.413,57.38,100.92,108.82,-0.001118,0.0097601,9099.0,38.422,5.1193,44096000000000.0,32.299,1.3007e+24,6108.6,117240000000000.0,7.1323e+22,553.19,58460.0,23.144,B,False
3816,192.84,2854.9,47.515,63.999,113.45,117.51,0.12181,-0.0025287,7422.9,39.086,4.7042,5048400000000.0,34.938,7.5178e+23,4099.0,84928000000000.0,4.7622e+22,784.86,22140.0,42.683,C,False
3837,173.28,563.83,39.59,37.649,69.264,83.905,0.0014865,-0.0045105,6667.8,32.301,3.9781,5965000000000.0,24.683,3.402e+23,1318.3,22993000000000.0,2.8086e+22,612.44,2468.1,63.766,C,False
3847,75.783,1362.6,45.255,56.681,109.07,110.2,0.48668,-0.0022416,6631.7,36.535,4.1023,8557300000000.0,30.779,2.9776e+23,1408.4,31619000000000.0,2.0009e+22,332.48,1742.6,28.118,B,False
3848,48.06,1267.5,35.361,45.846,106.22,107.88,0.017849,-0.0011705,4975.8,29.839,3.97,1058400000000.0,17.086,2.7134e+23,1540.7,33248000000000.0,2.7367e+22,350.11,1535.3,35.141,C,False
3856,20.622,472.02,50.692,69.028,112.16,112.34,0.46521,-0.0020426,9537.5,40.236,2.9859,2427100000000.0,40.917,1.2788e+23,479.48,10277000000000.0,6.7761e+21,247.44,1848.9,25.427,B,False
3866,87.639,2516.8,55.203,63.371,97.621,100.11,0.049684,0.0011875,9221.1,46.152,4.5608,8302000000000.0,48.272,9.0382e+23,3558.1,79117000000000.0,4.2246e+22,379.67,49149.0,17.556,C,False
3871,79.14,2708.2,53.266,64.792,106.4,106.86,0.29497,-0.0010226,8435.4,43.751,4.1891,11762000000000.0,43.33,8.6701e+23,4059.4,88472000000000.0,4.3912e+22,370.65,46244.0,18.744,C,False
3872,133.0,2650.0,40.9,51.0,100.0,102.0,0.0571,-0.00118,4940.0,34.0,4.65,4290000000000.0,25.0,7.38e+23,4830.0,100000000000000.0,6.82e+22,416.0,20400.0,24.4,M,False
3877,37.794,417.48,38.31,43.915,85.168,90.13,-0.31297,0.001884,6104.5,31.568,4.1017,3193700000000.0,22.303,1.6263e+23,786.02,14542000000000.0,1.4726e+22,252.01,565.43,31.569,B,False
3884,44.309,241.3,33.826,47.919,118.97,119.66,0.20205,-0.0044478,2424.5,28.123,2.3253,1298000000000.0,12.046,3.2076e+22,395.14,8653100000000.0,5.9422e+21,233.22,71.552,57.435,B,False
3894,59.838,753.21,40.447,41.906,77.328,84.211,-0.10361,-0.0014449,7918.3,34.352,4.3216,2195800000000.0,26.321,4.3551e+23,1755.7,32651000000000.0,3.0118e+22,180.0,2628.4,14.639,C,False
3905,152.84,822.6,54.16,63.035,100.92,102.59,0.17208,-0.0095141,11520.0,43.096,3.5246,1676400000000.0,46.499,2.4579e+23,684.95,15264000000000.0,1.0171e+22,139.42,695.34,11.419,B,False
3929,881.0,1500.0,58.1,62.2,86.7,93.6,0.0878,0.0168,16200.0,50.9,4.86,33500000000000.0,57.0,1.12e+24,3040.0,60200000000000.0,3.35e+22,238.0,77200.0,9.51,M,False
3930,621.0,1270.0,59.0,59.1,84.5,89.5,-0.0175,0.014,14900.0,51.3,4.5,27600000000000.0,58.4,8.75e+23,2220.0,45000000000000.0,2.76e+22,256.0,38000.0,12.3,M,False
3940,85.281,1669.2,46.757,56.955,103.98,108.2,0.19369,-0.0015227,7966.2,39.602,4.6676,5782100000000.0,36.047,5.9255e+23,2697.0,55081000000000.0,3.6004e+22,565.04,13768.0,34.131,B,False
3955,585.0,2560.0,42.8,47.4,89.9,95.4,0.0805,-0.00528,9160.0,37.2,4.87,14900000000000.0,30.7,1.35e+24,5090.0,99900000000000.0,7.75e+22,294.0,32000.0,11.8,M,False
3972,923.87,1550.2,40.381,39.655,69.494,76.33,-0.093013,-0.012215,7860.1,33.899,4.8465,24845000000000.0,26.431,7.8956e+23,3085.6,53101000000000.0,5.5349e+22,258.95,9166.9,17.139,C,False
3985,345.08,244.66,39.447,56.262,102.51,111.47,0.10422,-0.026598,6758.3,32.669,4.1695,12407000000000.0,20.185,1.1645e+23,845.1,13799000000000.0,8.8561e+21,126.73,5048.1,14.582,B,False
4010,258.01,2991.4,54.189,55.387,88.854,90.591,0.2253,-0.0031405,12209.0,45.673,4.5148,9930600000000.0,47.473,1.3322e+24,3691.9,79317000000000.0,4.8496e+22,598.62,30173.0,22.261,C,False
4013,177.17,2538.6,46.721,52.564,98.467,99.819,0.049776,0.0024119,9822.3,38.88,4.2629,11982000000000.0,35.047,9.5822e+23,3277.6,69716000000000.0,4.6535e+22,602.51,9681.9,27.92,C,False
4079,22.853,429.86,39.31,86.687,157.43,156.04,0.78543,0.0039827,3637.4,25.921,2.6751,2301700000000.0,9.4632,2.7718e+22,346.91,6503700000000.0,3.9316e+21,251.27,193.86,48.392,B,False
4080,0.0078751,1150.1,40.156,31.763,53.966,64.626,-0.058232,-2.2944e-07,6994.7,35.177,4.8875,3669500000000.0,26.564,3.1885e+23,1018.7,17308000000000.0,2.5396e+22,133.62,55878.0,10.424,C,False
4093,838.0,782.0,53.8,59.7,95.4,102.0,0.141,0.0358,14400.0,46.2,4.5,27000000000000.0,48.7,4.49e+23,1670.0,28000000000000.0,1.52e+22,68.3,17100.0,4.19,M,False
4095,267.6,631.21,38.2,40.004,77.092,98.61,0.15162,-0.0081443,7922.0,32.396,4.3649,10828000000000.0,23.852,3.4568e+23,1525.4,25633000000000.0,2.3584e+22,343.49,1583.2,41.033,C,False
4113,610.0,552.0,47.0,54.8,87.9,103.0,-0.114,-0.0236,10900.0,40.1,4.63,21200000000000.0,35.8,3.74e+23,1830.0,28900000000000.0,1.87e+22,113.0,13100.0,8.37,M,False
4183,90.309,386.05,41.235,35.88,72.125,74.199,0.081804,-0.0044176,9491.1,34.695,3.6854,850910000000.0,29.365,2.5768e+23,761.69,13743000000000.0,1.3877e+22,0.0,0.0,0.0,B,False
4184,117.35,455.28,45.766,43.494,87.918,88.667,0.13131,-0.0062674,11072.0,39.996,3.4664,1250700000000.0,36.618,2.7531e+23,719.95,15271000000000.0,1.1831e+22,0.0,0.0,0.0,B,False
4189,59.75,258.57,38.949,37.254,78.436,86.003,0.12416,-0.0042515,7352.2,33.173,3.9237,887990000000.0,26.953,1.3722e+23,495.92,10103000000000.0,9.3969e+21,0.0,0.0,0.0,B,False
4190,302.0,582.0,41.7,60.3,110.0,117.0,-0.0216,-0.0136,7190.0,35.0,4.49,7060000000000.0,24.0,2.12e+23,1430.0,24900000000000.0,1.61e+22,145.0,5740.0,12.1,M,False
4200,36.904,1309.8,45.25,51.644,93.789,95.123,-0.02003,-0.00068337,7397.6,37.939,4.2544,6007900000000.0,33.206,5.3054e+23,2202.2,46789000000000.0,3.4503e+22,433.68,12112.0,23.663,B,False
4219,0.0,34.9,0.0,0.0,0.0,0.0,0.0,0.0,0.0,0.0,4.84,0.0,0.0,0.0,0.0,0.0,0.0,145.0,118000.0,6.43,M,False
4223,351.0,1550.0,51.0,63.3,108.0,109.0,0.118,0.00899,9830.0,42.1,4.32,14700000000000.0,41.3,5.1e+23,2050.0,41800000000000.0,2.47e+22,235.0,13800.0,13.9,M,False
4225,91.259,1280.7,41.817,55.317,115.26,115.39,0.24811,0.0022396,6492.7,34.728,3.8527,5232900000000.0,26.151,3.5136e+23,1762.8,37445000000000.0,2.5707e+22,263.81,4510.6,19.853,B,False
4226,35.7,568.0,46.2,47.4,81.4,92.6,0.118,-0.0016,10900.0,40.6,4.32,1360000000000.0,38.3,3.25e+23,1040.0,18700000000000.0,1.68e+22,234.0,2590.0,19.3,M,False
4227,530.0,872.0,53.3,74.0,115.0,118.0,0.259,-0.0204,9720.0,42.1,4.39,22300000000000.0,41.1,3.36e+23,1700.0,32400000000000.0,1.62e+22,269.0,18400.0,17.8,M,False
4228,21.1,115.0,32.2,30.5,67.5,89.9,0.0387,-0.00286,2880.0,24.5,0.0,166000000000.0,10.4,2.82e+22,194.0,3530000000000.0,5.07e+21,119.0,6050.0,18.9,M,False
4269,4.7631,946.94,36.392,53.875,124.21,126.18,0.54071,-0.00023112,2615.4,29.886,3.504,5733200000000.0,15.391,7.1582e+22,1095.6,24123000000000.0,1.2161e+22,66.189,112.76,22.171,C,False
4286,378.13,1291.9,56.788,48.107,79.162,83.181,0.40175,0.0080318,19808.0,50.614,4.4064,10196000000000.0,56.287,1.2386e+24,2192.2,43511000000000.0,3.0559e+22,53.788,5230.8,2.4444,B,False
4303,78.487,536.55,60.504,74.411,99.194,104.96,0.21151,0.0039299,13179.0,50.285,4.0938,2174500000000.0,55.675,3.4958e+23,1234.6,24647000000000.0,1.2529e+22,195.59,16512.0,12.086,B,False
4304,45.172,678.18,53.034,54.813,89.476,92.508,0.070243,0.0018485,12016.0,45.331,4.3075,1475300000000.0,47.377,3.8998e+23,994.05,21199000000000.0,1.6204e+22,274.46,3966.6,17.064,B,False
4306,60.294,701.39,45.733,43.869,78.088,84.424,0.012896,-0.0018015,10242.0,39.54,4.1994,2800200000000.0,36.666,4.5526e+23,1203.5,25024000000000.0,2.2678e+22,305.53,1619.4,22.065,B,False
4312,545.0,1590.0,43.0,49.4,98.7,102.0,0.0715,0.00993,8350.0,37.3,4.47,22600000000000.0,29.9,6.08e+23,2330.0,49000000000000.0,3.6e+22,477.0,1510.0,28.2,M,False
4347,269.48,1586.2,33.94,40.785,89.065,92.397,-0.12041,0.003147,4859.9,28.55,4.4035,12682000000000.0,15.204,5.5267e+23,3047.5,60718000000000.0,5.9103e+22,644.35,4085.7,46.068,C,False
4348,102.52,924.56,32.244,31.224,71.84,82.691,-0.11978,0.0018376,4521.4,26.497,4.8021,6246100000000.0,14.843,3.3503e+23,1726.2,30903000000000.0,3.8936e+22,402.03,99548.0,21.803,C,False
4372,29.19,162.16,36.792,56.159,121.61,122.62,0.11917,-0.0040468,3742.8,29.872,3.5169,1298800000000.0,17.053,3.5853e+22,362.06,6989700000000.0,4.7999e+21,213.86,82.901,50.812,B,False
4394,53.206,470.99,32.147,41.763,109.41,108.78,0.081492,-0.0036212,1943.6,27.519,2.895,2406900000000.0,10.495,3.7926e+22,496.12,11947000000000.0,8.0242e+21,124.33,13.672,77.668,B,False
4419,180.0,2350.0,34.8,39.2,83.1,89.5,-0.0829,-0.00162,5970.0,29.1,4.33,8060000000000.0,17.9,8.81e+23,4160.0,76400000000000.0,8.11e+22,949.0,2340.0,59.2,M,False
4430,551.07,3063.1,42.676,51.791,103.74,104.45,0.1255,-0.0061101,8033.9,35.857,4.4408,17070000000000.0,28.626,9.623e+23,3877.3,80509000000000.0,5.7027e+22,990.8,22820.0,44.499,C,False
4431,20.252,337.18,28.188,33.526,74.932,76.749,-0.26592,0.00083636,3030.8,21.873,3.8662,3280200000000.0,7.3715,9.7465e+22,676.16,12436000000000.0,1.7744e+22,0.0,0.0,0.0,C,False
4438,485.14,1808.0,42.901,48.373,98.6,100.84,0.36491,-0.0078249,7853.0,36.954,4.2862,22631000000000.0,29.532,6.4662e+23,2334.6,51136000000000.0,3.8849e+22,64.851,4099.8,3.9007,C,False
4439,65.3,446.0,28.6,28.0,71.4,73.1,-0.0734,-0.00171,2480.0,21.9,3.33,2890000000000.0,9.81,1.26e+23,825.0,18100000000000.0,2.34e+22,20.6,0.0,5.26,M,False
4459,151.17,1752.5,44.598,32.229,64.597,84.245,0.090677,-0.0038804,15349.0,38.761,4.7597,5388400000000.0,35.59,7.9413e+23,1742.9,24726000000000.0,2.9417e+22,234.12,28073.0,11.236,C,False
4469,314.68,921.21,47.514,60.537,105.68,110.44,-0.086597,0.0098017,9019.5,40.219,4.5285,13197000000000.0,37.034,3.8457e+23,1774.1,34898000000000.0,2.0628e+22,201.99,17322.0,13.356,C,False
4477,25.579,1070.6,45.342,54.37,103.25,104.33,0.5581,-0.00086079,9667.2,38.684,3.8871,8888700000000.0,34.628,3.8151e+23,1523.1,32562000000000.0,1.9017e+22,214.46,0.0,15.417,B,False
4481,51.249,380.97,29.251,50.199,128.17,129.44,-0.35449,0.0049901,2088.1,24.317,2.8707,2104000000000.0,6.3291,2.8479e+22,449.58,9672500000000.0,6.5359e+21,7.2801,0.0,2.2496,B,False
4509,32.718,412.7,48.054,64.661,112.47,117.09,0.055206,-0.0021647,7390.7,39.492,4.1768,2122300000000.0,38.143,1.4835e+23,817.53,17001000000000.0,1.0014e+22,160.16,3246.6,17.326,B,False
4510,53.469,513.26,40.77,43.532,85.452,89.556,0.0027624,0.0015886,4119.4,35.228,4.0052,3855000000000.0,25.858,1.8413e+23,1137.5,27970000000000.0,1.8914e+22,194.84,811.84,19.929,C,False
4512,13.688,285.11,34.511,27.168,57.977,62.685,0.055197,0.00058028,4480.2,27.982,3.2844,1863200000000.0,18.317,1.4036e+23,578.38,10467000000000.0,1.5854e+22,0.0,0.0,0.0,B,False
4518,53.388,1442.7,33.692,41.72,98.728,100.28,-0.13536,-0.00074282,3470.4,27.214,4.4323,9522000000000.0,13.627,3.3129e+23,2512.4,54928000000000.0,4.4546e+22,1691.5,3115.4,132.31,C,False
4528,163.59,1570.6,35.459,57.827,119.89,126.45,0.15232,-0.0038499,5758.0,29.734,4.454,6549700000000.0,17.027,3.2497e+23,2590.2,46064000000000.0,3.0126e+22,495.57,11327.0,35.624,C,False
4545,280.0,672.0,39.2,44.5,76.6,86.5,-0.0496,0.00773,8390.0,32.8,4.3,10400000000000.0,24.8,4.04e+23,1720.0,29200000000000.0,2.71e+22,192.0,7670.0,16.8,M,False
4552,97.129,464.38,60.974,59.177,84.518,87.284,-0.20712,0.0055882,12670.0,50.956,3.8394,5004700000000.0,58.638,2.9249e+23,696.05,16879000000000.0,9.813e+21,187.47,5067.5,14.135,B,False
4574,7.4977,110.79,26.083,36.625,109.11,110.55,0.049647,-0.0018679,1240.7,22.551,0.0,229900000000.0,3.6373,6.6139e+21,105.54,2758800000000.0,2.2049e+21,0.0,0.0,0.0,C,False
4576,99.616,915.63,34.464,50.296,108.24,109.81,0.015127,0.003094,3320.7,28.673,4.08,7996700000000.0,12.691,1.4199e+23,1526.8,30943000000000.0,2.1032e+22,645.41,1122.8,83.365,B,False
4577,51.1,494.86,31.592,42.058,97.982,99.806,-0.13052,0.0021419,3635.1,25.81,3.8466,3600100000000.0,11.719,1.1518e+23,927.04,17960000000000.0,1.6616e+22,69.374,256.8,16.28,B,False
4578,28.459,181.28,26.235,29.125,72.951,76.843,-0.13037,-0.0013061,2030.7,19.863,3.2835,1544100000000.0,5.8192,5.8764e+22,554.08,11324000000000.0,1.4458e+22,0.0,0.0,0.0,B,False
4590,326.73,833.19,40.494,35.082,67.511,76.65,0.0057275,0.0064573,6673.6,31.215,4.1975,15739000000000.0,24.813,4.4848e+23,1807.1,31405000000000.0,3.427e+22,573.06,6731.5,59.738,C,False
4591,87.11,2318.6,45.519,46.203,82.865,87.11,0.063079,-0.0010175,10166.0,39.238,4.6497,6605100000000.0,34.191,1.1559e+24,3646.7,71992000000000.0,5.9129e+22,799.83,25530.0,33.307,C,False
4615,8.9274,269.66,30.02,35.661,94.384,95.857,-0.052529,0.00057055,3475.4,25.077,3.5793,2296100000000.0,9.3628,7.2218e+22,449.75,9706900000000.0,1.0211e+22,20.0,0.0,3.7671,C,False
4634,157.14,428.46,51.418,69.798,120.46,118.88,0.07829,-0.014451,8276.0,39.851,3.0734,4090200000000.0,37.254,1.1951e+23,591.76,11808000000000.0,6.7037e+21,81.489,724.25,10.345,B,False
4636,22.108,34.849,20.879,22.273,67.743,69.279,0.097182,-0.0023849,660.6,15.779,0.0,1612500000000.0,0.83064,8.1326e+21,144.69,3526900000000.0,5.3854e+21,0.0,0.0,0.0,B,False
4641,2.8152,102.3,26.995,39.09,119.87,120.72,0.1827,-0.00082653,1578.4,23.147,2.556,317340000000.0,3.1709,7.1397e+21,120.09,2840800000000.0,2.0058e+21,0.0,0.0,0.0,B,False
4643,90.351,427.5,42.539,70.137,127.31,129.76,0.099641,-0.0056828,5061.7,34.322,3.7233,847490000000.0,25.189,1.0688e+23,942.93,18082000000000.0,1.1167e+22,162.49,2605.7,20.93,B,False
4645,99.738,503.01,35.139,51.123,103.49,106.42,-0.039473,-0.0042016,3985.6,29.038,3.9212,3119200000000.0,14.343,1.2565e+23,1056.2,20286000000000.0,1.7129e+22,157.79,918.94,24.348,B,False
4647,107.84,306.81,33.386,51.229,118.13,120.43,-0.10632,-0.0085128,3450.6,27.873,3.634,3396100000000.0,11.437,5.8056e+22,595.87,11653000000000.0,8.6097e+21,83.633,695.46,17.088,C,False
4660,283.62,2728.1,54.781,67.245,105.11,106.74,0.15056,0.0036669,9617.8,45.018,4.6912,12336000000000.0,45.544,9.8798e+23,4011.5,85770000000000.0,4.5801e+22,288.86,69453.0,11.919,C,False
4661,349.44,3109.3,53.821,61.809,96.711,101.91,0.10848,0.0036637,11891.0,46.349,4.8596,22735000000000.0,48.855,1.5062e+24,4916.3,103260000000000.0,6.0205e+22,310.13,120580.0,10.542,C,False
4663,365.0,3200.0,43.4,47.8,88.4,96.5,-0.177,0.00288,10000.0,37.7,4.92,14900000000000.0,31.3,1.69e+24,5670.0,112000000000000.0,8.96e+22,426.0,57300.0,15.9,M,False
4676,44.001,1784.1,37.301,45.308,98.792,101.46,0.11427,0.00054599,6475.0,32.438,4.3762,4825100000000.0,19.503,6.93e+23,3106.0,68547000000000.0,5.1145e+22,621.06,6740.5,33.994,B,False
4677,178.0,1560.0,39.7,28.2,55.9,61.4,0.045,-0.00226,7250.0,32.0,4.26,10100000000000.0,25.1,7.58e+23,2170.0,37200000000000.0,5.29e+22,527.0,11100.0,33.9,M,False
4681,668.36,2052.1,42.56,33.336,54.256,63.45,0.05376,-0.0070465,8998.2,36.801,4.4588,24150000000000.0,31.404,1.1335e+24,2949.8,51250000000000.0,6.9264e+22,213.64,4682.5,14.188,C,False
4682,837.0,2820.0,44.3,48.1,91.9,96.9,0.0967,-0.00735,9150.0,38.3,4.8,18600000000000.0,33.2,1.38e+24,4950.0,99600000000000.0,7.54e+22,337.0,59100.0,12.4,M,False
4687,358.0,990.0,36.0,30.2,61.0,73.5,0.126,-0.00654,4820.0,29.1,4.58,17200000000000.0,19.9,3.51e+23,1420.0,27400000000000.0,3.53e+22,517.0,5990.0,51.4,X,False
4701,58.895,834.54,52.345,57.988,92.946,96.967,0.0071026,-0.0019753,11268.0,44.532,4.5067,107700000000.0,44.771,4.4619e+23,1429.4,29239000000000.0,2.0381e+22,283.65,16722.0,16.695,B,False
4703,16.005,580.55,36.41,60.112,127.62,129.41,0.30485,0.00095417,3517.3,28.577,3.6118,3908600000000.0,14.308,7.8353e+22,867.45,17473000000000.0,1.0686e+22,643.29,578.05,99.525,B,False
4707,38.521,1331.7,36.078,34.326,66.441,84.807,-0.052935,-0.0012721,5301.8,31.32,4.2726,1837900000000.0,19.361,2.1322e+23,848.5,15684000000000.0,2.2136e+22,87.263,0.0,4.6479,C,False
4709,9.45,747.0,41.1,35.4,69.3,81.6,-0.169,-0.000263,9330.0,32.7,3.83,3090000000000.0,27.1,4.46e+23,1180.0,20900000000000.0,2.66e+22,890.0,2650.0,71.3,M,False
4717,69.293,1709.3,43.728,55.893,110.16,112.17,0.17063,-0.0013632,8063.6,36.534,4.1726,4412300000000.0,29.78,5.4436e+23,2306.7,49195000000000.0,3.2915e+22,550.95,4133.8,34.299,C,False
4735,31.036,333.71,39.426,58.398,103.69,115.17,0.098514,-0.0019004,7624.2,32.289,4.3237,3385800000000.0,22.032,1.6536e+23,1054.1,17658000000000.0,1.2539e+22,160.71,2112.2,22.449,C,False
4745,49.5,581.0,36.5,31.0,59.3,80.7,-0.231,0.00559,6600.0,34.6,4.4,1350000000000.0,25.4,7.76e+22,417.0,6060000000000.0,7.45e+21,62.5,9230.0,4.01,M,False
4748,23.804,1570.8,48.573,49.897,89.762,94.082,0.17105,-0.00042692,12237.0,42.131,4.4854,4858300000000.0,40.318,9.0613e+23,2428.5,49543000000000.0,3.7932e+22,391.08,28455.0,18.332,C,False
4749,0.5082,370.05,59.076,28.645,29.448,31.704,0.34163,0.0035789,9344.0,55.506,4.5423,25364000000.0,83.803,1.7621e+21,1.927,58940000000.0,5.6953e+19,145.05,0.0,6.9692,B,False
4760,10.243,262.61,57.37,67.814,100.89,97.689,-0.19073,0.0012055,9620.4,45.018,3.0936,879770000000.0,48.835,1.0857e+23,343.97,7463100000000.0,5.0595e+21,228.8,1338.1,26.096,B,False
4769,25.121,171.95,28.009,35.385,77.149,98.809,0.088313,0.005111,3560.8,25.352,3.9343,1168100000000.0,10.865,2.3243e+22,141.54,2249700000000.0,3.9528e+21,66.923,1437.9,15.2,B,False
4787,122.25,432.58,55.025,62.516,96.895,100.59,-0.69004,0.0074768,12486.0,46.923,3.8893,5784300000000.0,49.437,2.7116e+23,872.44,18569000000000.0,1.0763e+22,194.65,5744.4,14.789,B,False
4801,48.014,494.58,41.097,56.128,110.46,112.27,0.085858,-0.0025854,5124.4,33.231,3.7566,2393100000000.0,23.757,1.2638e+23,825.06,16957000000000.0,1.2247e+22,195.73,830.16,22.895,B,False
4807,86.597,882.75,39.024,62.875,126.96,127.09,0.31107,0.0050326,2867.2,29.462,3.6437,4995600000000.0,14.727,6.552e+22,797.12,17690000000000.0,1.0135e+22,239.49,127.06,43.112,C,False
4816,352.95,1608.9,53.256,58.577,92.647,98.274,0.022839,-0.0074514,18316.0,46.842,4.7541,14838000000000.0,49.138,1.1522e+24,2598.1,50614000000000.0,3.2187e+22,92.43,22483.0,4.2822,C,False
4817,383.07,1839.6,34.976,44.374,97.542,98.033,0.083075,-0.0046293,3589.3,28.591,4.5305,17981000000000.0,16.093,3.9445e+23,3006.0,66203000000000.0,5.1463e+22,585.11,2301.8,30.497,C,False
4818,119.17,1086.1,30.854,37.089,85.824,87.585,0.045255,-0.0017053,2488.1,24.051,4.5734,8351300000000.0,8.8921,2.3091e+23,2075.1,44483000000000.0,4.4083e+22,642.15,2728.3,36.741,C,False
4848,167.44,566.2,43.781,35.97,68.54,72.989,-0.088476,-0.0055574,10975.0,37.506,4.0679,2097800000000.0,34.09,4.3919e+23,955.87,18629000000000.0,2.0536e+22,0.0,0.0,0.0,B,False
4851,256.25,619.02,50.945,43.931,80.766,84.141,-0.042846,-0.0095742,13338.0,45.177,4.122,6413600000000.0,46.434,4.741e+23,1019.4,21681000000000.0,1.709e+22,0.0,0.0,0.0,B,False
4853,24.767,149.18,25.883,32.0,88.849,89.477,-0.0069503,-0.0022299,1691.4,21.594,2.6878,1770800000000.0,2.4937,2.4951e+22,313.24,6474800000000.0,7.2733e+21,0.0,0.0,0.0,B,False
4865,63.6,458.0,30.7,34.1,85.0,85.1,-0.0957,-0.00207,3500.0,24.3,3.76,2220000000000.0,9.87,1.43e+23,800.0,16500000000000.0,1.99e+22,241.0,0.0,35.8,M,False
4887,14.503,457.83,25.569,23.371,53.988,62.042,-0.19917,0.00071014,1733.7,18.652,4.411,2168300000000.0,5.3469,4.7023e+22,347.4,7205500000000.0,1.3889e+22,137.91,1253.6,15.107,C,False
4888,198.0,901.0,40.8,49.5,104.0,107.0,0.239,0.0059,6570.0,34.1,3.6,5780000000000.0,24.1,2.92e+23,1330.0,29000000000000.0,2.13e+22,175.0,2270.0,14.6,M,False
4900,159.43,521.26,40.861,49.852,98.527,101.31,0.05537,-0.0075066,6646.5,34.728,4.1236,5217900000000.0,25.411,1.8747e+23,968.92,18986000000000.0,1.4495e+22,264.03,1657.7,26.397,C,False
4902,70.598,908.05,46.416,27.761,45.57,59.505,-0.10926,0.002903,8137.3,41.301,4.2316,1387400000000.0,38.452,2.6283e+23,625.05,11148000000000.0,1.6517e+22,326.29,3228.8,37.682,C,False
4903,0.0,153.01,0.0,0.0,0.0,0.0,0.0,0.0,0.0,0.0,4.8843,0.0,0.0,0.0,0.0,0.0,0.0,76.485,304400.0,2.1169,C,False
4910,224.0,1290.0,42.8,39.5,73.7,78.3,-0.0639,-0.00333,13900.0,37.9,4.46,12400000000000.0,31.2,1.24e+24,2940.0,53000000000000.0,4.73e+22,121.0,1630.0,7.23,M,False
4933,118.76,1070.3,46.472,62.851,114.38,113.76,0.065493,-0.0056652,6449.5,35.705,3.3456,3236700000000.0,30.129,1.7955e+23,953.05,20886000000000.0,1.2283e+22,45.492,803.25,4.6748,B,False
4935,178.13,886.33,37.225,48.179,105.1,108.17,0.15305,-0.0046009,4496.6,31.766,4.0509,9763300000000.0,19.932,2.312e+23,1561.2,34741000000000.0,2.3889e+22,78.208,2061.5,7.9714,B,False
4936,4.7095,420.77,33.934,34.832,76.181,79.601,0.20042,-0.00015367,3811.3,27.537,3.6181,3302700000000.0,14.915,1.5512e+23,905.43,18482000000000.0,1.9494e+22,47.434,0.0,9.3503,C,False
4938,0.0,25.474,0.0,0.0,0.0,0.0,0.0,0.0,0.0,0.0,4.2275,0.0,0.0,0.0,0.0,0.0,0.0,24.166,0.0,1.2228,B,False
4946,32.518,947.97,51.449,67.531,117.79,116.5,0.33992,-0.0015491,5960.3,41.115,3.5108,3750200000000.0,37.608,1.6617e+23,1037.7,23539000000000.0,1.1522e+22,180.99,2580.4,19.029,B,False
4947,89.453,984.0,48.576,67.382,118.82,119.22,0.48154,0.0052505,5774.7,37.392,3.2275,4308200000000.0,32.615,1.3066e+23,869.75,18848000000000.0,9.8184e+21,197.52,2610.9,21.842,B,False
4951,108.91,95.284,28.175,32.813,66.927,79.177,-0.18375,0.0091632,2319.1,19.335,4.2283,4183900000000.0,7.5881,3.661e+22,344.32,6298800000000.0,7.8009e+21,33.097,0.0,5.4751,B,False
4955,68.389,170.91,25.842,32.407,93.309,95.547,-0.39381,0.0047509,1650.3,21.407,2.834,3645500000000.0,3.2511,3.1548e+22,443.22,9247200000000.0,9.1752e+21,13.892,0.0,7.599,C,False
4957,33.869,48.403,22.574,30.967,74.296,77.121,-0.22485,-0.0032946,1510.7,17.006,2.0018,1222800000000.0,1.3131,2.0627e+22,289.05,5258300000000.0,7.5836e+21,0.0,0.0,0.0,B,False
4959,83.344,450.25,43.771,56.578,102.28,106.18,-0.015683,-0.004639,7814.5,36.589,3.8553,3149500000000.0,29.554,1.8646e+23,860.14,17078000000000.0,1.2914e+22,205.83,3360.6,17.937,B,False
4969,18.276,228.53,43.705,68.357,133.93,135.8,0.13499,0.0028935,3589.0,33.512,3.3786,1510900000000.0,21.944,3.0104e+22,384.49,8011000000000.0,3.7989e+21,26.16,136.76,7.3087,B,False
4982,72.816,318.96,43.387,32.295,62.801,84.465,0.12467,0.0059764,6560.8,34.624,4.3939,778710000000.0,31.09,1.0616e+23,483.22,8093400000000.0,7.2611e+21,0.0,0.0,0.0,B,False
5006,112.79,324.43,36.633,45.662,90.886,96.877,-0.056033,0.0055462,4137.5,29.471,3.7403,6902300000000.0,15.863,1.1174e+23,868.95,16275000000000.0,1.3307e+22,129.49,697.45,18.454,B,False
5020,13.8,931.0,27.9,39.1,90.3,91.5,-0.0219,0.000204,2290.0,22.8,4.04,804000000000.0,5.6,2.05e+23,2430.0,47500000000000.0,4.6e+22,557.0,2780.0,62.7,M,False
5021,18.9,584.0,27.1,32.1,85.2,86.1,-0.266,0.000442,2170.0,21.9,3.62,6170000000000.0,5.95,1.23e+23,1170.0,24400000000000.0,2.84e+22,38.6,0.0,7.38,M,False
5026,10.37,605.56,32.365,42.715,104.24,105.52,0.29916,-0.0003348,3862.1,27.168,3.876,4713800000000.0,11.161,1.5886e+23,1096.4,22723000000000.0,2.0669e+22,478.23,0.0,57.311,C,False
5035,2.0036,389.41,31.674,56.911,130.91,132.67,0.87533,0.00034444,1912.5,23.901,2.8357,2741700000000.0,5.6215,1.4775e+22,326.95,6794800000000.0,3.6387e+21,0.0,0.0,0.0,C,False
5040,13.172,2486.5,34.117,46.202,107.08,107.63,0.2131,-0.00018416,4104.7,28.729,3.6079,8289600000000.0,14.172,3.8991e+23,2986.8,63617000000000.0,4.672e+22,646.02,2944.7,46.709,C,False
5058,185.64,527.53,29.879,33.851,68.832,73.224,-0.0052861,-0.0038102,2629.7,22.942,3.8954,12151000000000.0,7.908,1.7016e+23,1340.3,26505000000000.0,3.2358e+22,107.36,0.0,20.143,B,False
5084,0.58281,332.63,28.772,38.586,113.16,112.14,0.0082411,-4.4445e-05,1514.7,24.786,2.9152,150680000000.0,5.5746,2.6379e+22,389.68,9648300000000.0,7.0671e+21,0.0,0.0,0.0,B,False
5093,27.066,196.39,23.784,25.807,83.122,83.992,-0.039577,-0.0013752,1236.3,19.944,2.2077,503060000000.0,2.2202,3.2316e+22,502.52,11061000000000.0,1.1913e+22,0.0,0.0,0.0,B,False
5101,24.05,250.59,46.892,71.893,124.74,126.42,0.083372,0.0029666,3999.0,36.522,3.4445,1105900000000.0,28.728,4.3055e+22,455.07,9415600000000.0,4.8632e+21,98.188,953.03,18.037,B,False
5105,90.052,898.03,43.452,56.197,103.25,105.55,0.082381,-0.0029748,6940.2,36.439,4.0959,4038800000000.0,29.762,2.7902e+23,1495.5,30068000000000.0,2.0414e+22,298.87,5594.4,24.095,C,False
5109,153.16,792.05,46.448,68.187,118.5,119.51,0.16353,-0.0086082,7385.8,36.882,3.3222,3507400000000.0,31.981,1.7451e+23,984.15,19175000000000.0,1.2144e+22,322.77,3230.9,28.368,C,False
5114,19.92,2228.4,49.362,68.446,117.45,120.66,0.13539,0.00037138,7428.8,40.174,4.4927,7509000000000.0,35.618,5.2918e+23,2949.9,63408000000000.0,3.2797e+22,292.15,34963.0,17.11,C,False
5122,107.0,185.0,38.5,34.4,62.1,69.6,0.163,0.0086,5670.0,30.7,3.73,4260000000000.0,21.9,9.35e+22,387.0,6320000000000.0,8.47e+21,18.0,625.0,5.13,M,False
5123,977.79,4321.9,50.852,57.155,97.228,101.92,0.17744,0.0073442,12805.0,44.067,5.1364,45256000000000.0,43.411,2.2641e+24,6620.6,133730000000000.0,8.6748e+22,565.92,210910.0,16.861,C,False
5129,113.05,1402.2,39.451,50.746,104.53,105.9,0.07564,0.0023649,5612.4,33.534,4.2532,7511500000000.0,23.337,3.5634e+23,2173.0,45756000000000.0,3.1244e+22,246.04,6503.1,16.974,B,False
5133,65.351,712.07,45.558,31.509,55.288,71.688,0.29183,0.0035776,8934.2,39.787,4.219,3676700000000.0,37.092,2.1675e+23,570.76,9478200000000.0,1.2851e+22,362.76,2832.6,28.67,C,False
5151,55.265,525.41,53.197,70.699,110.0,110.14,0.27293,-0.0042735,7806.6,41.843,3.7473,2591500000000.0,39.422,1.3407e+23,652.02,14706000000000.0,7.7465e+21,212.95,1483.8,21.507,B,False
5153,143.9,948.18,31.867,35.914,73.88,80.284,-0.06346,0.0024646,3985.1,25.916,3.8527,9618600000000.0,13.174,3.0902e+23,1837.1,34786000000000.0,4.3563e+22,631.57,124.16,99.041,C,False
5169,10.558,74.412,38.971,35.072,72.018,89.262,0.37385,-0.0036144,4371.2,31.921,3.6855,557480000000.0,22.081,1.6957e+22,88.437,1445200000000.0,2.0457e+21,54.861,0.0,25.065,B,False
5170,119.26,177.99,33.309,47.034,88.039,95.879,0.12424,0.010203,4735.6,25.344,3.8196,4381900000000.0,10.044,7.3514e+22,574.97,9539300000000.0,8.8288e+21,199.97,101.92,43.464,C,False
5172,90.589,973.46,44.37,54.731,109.64,109.92,0.25863,-0.003354,7270.1,36.231,3.3122,4943100000000.0,28.623,2.6078e+23,1064.5,23966000000000.0,1.6243e+22,78.381,2071.9,7.1589,B,False
5181,20.676,289.17,52.595,72.669,111.06,114.98,-0.40005,0.0019345,9085.4,42.697,3.8945,2298900000000.0,41.907,1.2896e+23,570.89,11826000000000.0,7.0976e+21,198.96,2981.2,18.317,B,False
5194,60.095,1671.3,43.193,53.909,105.85,110.54,-0.04398,-0.00098797,6559.8,35.976,4.6312,1426500000000.0,28.818,5.2994e+23,2795.4,55598000000000.0,3.9548e+22,525.21,15863.0,33.74,B,False
5197,62.27,279.99,36.961,62.944,128.84,127.91,0.25632,-0.0079864,3523.1,27.649,3.0502,2217900000000.0,11.849,3.6486e+22,364.12,7297100000000.0,5.0811e+21,146.83,289.22,28.104,B,False
5198,12.603,15.33,35.269,63.687,112.98,110.29,-0.4475,-0.010827,4718.7,27.141,0.0,283000000000.0,4.7251,7.2944e+21,52.02,818650000000.0,9.6514e+20,0.0,0.0,0.0,B,False
5203,114.93,299.86,58.571,57.918,90.355,89.734,0.46976,-0.013672,13423.0,48.274,3.3343,2752500000000.0,57.352,1.4985e+23,333.27,6921500000000.0,5.2344e+21,114.54,0.0,12.295,B,False
5205,109.38,461.63,33.328,29.279,52.271,62.138,0.074138,0.0042142,3576.4,27.034,3.7478,5218200000000.0,13.712,1.2328e+23,605.32,11243000000000.0,1.7475e+22,0.0,0.0,0.0,B,False
5206,40.4,1000.0,31.1,36.3,84.2,85.2,-0.0284,-0.000593,2960.0,26.4,3.93,1020000000000.0,10.2,2.68e+23,2100.0,42600000000000.0,4.36e+22,236.0,1810.0,26.6,M,False
5208,6.2348,304.96,33.789,38.217,87.817,90.743,0.048892,-0.00035346,4107.6,27.995,3.553,548950000000.0,14.661,9.6223e+22,533.06,11837000000000.0,1.06e+22,23.409,0.0,3.4263,B,False
5209,8.56,296.0,33.9,30.9,64.1,85.5,0.0024,0.000612,4030.0,29.1,3.29,459000000000.0,15.2,7.49e+22,433.0,7850000000000.0,1e+22,103.0,112.0,30.4,M,False
5211,109.25,1648.1,44.448,59.08,109.5,109.29,0.20811,0.0032418,5568.2,35.864,3.8582,5717100000000.0,28.051,2.492e+23,1458.8,32385000000000.0,1.974e+22,154.64,3955.2,13.347,C,False
5214,17.356,234.85,35.458,34.286,60.452,77.607,-0.1752,-0.0016078,4041.6,29.449,3.2377,970440000000.0,15.785,5.7941e+22,347.9,6037800000000.0,7.5799e+21,0.0,0.0,0.0,C,False
5218,86.3,899.0,30.8,32.3,68.0,80.4,-0.0863,-0.00306,4640.0,24.6,0.0,5640000000000.0,14.2,1.74e+23,967.0,17000000000000.0,1.98e+22,208.0,40400.0,15.0,X,False
5223,143.68,1132.7,54.029,56.119,96.03,98.061,0.61913,-0.0086164,8347.0,43.022,3.0327,5602000000000.0,43.917,1.8487e+23,659.86,15079000000000.0,8.9394e+21,37.104,1290.6,3.7283,B,False
5229,140.49,615.26,36.641,44.137,83.686,94.296,-0.14966,-0.0043738,7125.5,30.589,4.2193,2483100000000.0,18.741,3.0397e+23,1504.7,24958000000000.0,2.5419e+22,809.4,2539.1,99.835,B,False
5235,69.859,350.26,45.91,67.588,121.23,124.32,-0.011661,-0.0068523,5127.8,35.745,3.638,3990200000000.0,29.296,6.9435e+22,554.51,11069000000000.0,6.7329e+21,116.27,709.0,17.572,B,False
5237,73.484,458.5,45.325,42.203,80.126,83.934,-0.0013327,-0.0032272,9129.2,39.559,4.0437,1474000000000.0,35.85,2.7606e+23,897.0,18350000000000.0,1.4443e+22,47.966,0.0,4.042,B,False
5239,13.728,70.921,24.836,30.128,71.008,74.107,-0.069786,-0.0012477,1245.7,18.392,2.7198,409970000000.0,2.4632,1.8201e+22,270.8,5493100000000.0,7.02e+21,0.0,0.0,0.0,B,False
5248,60.531,119.47,50.537,94.15,141.33,138.96,0.21426,0.02009,6614.0,35.408,3.485,3109100000000.0,24.959,2.6465e+22,216.17,3863700000000.0,1.9185e+21,80.425,1781.5,12.77,B,False
5249,28.8,599.0,34.9,44.8,105.0,105.0,-0.00304,-0.00116,4640.0,29.2,3.76,3970000000000.0,15.5,1.53e+23,856.0,17900000000000.0,1.59e+22,222.0,190.0,29.9,M,False
5257,0.0,32.836,0.0,0.0,0.0,0.0,0.0,0.0,0.0,0.0,4.1649,0.0,0.0,0.0,0.0,0.0,0.0,31.111,22793.0,2.7403,C,False
5259,73.669,895.25,32.732,59.494,132.52,130.93,0.0043794,-0.0037208,2840.4,25.621,3.2877,1951000000000.0,7.5509,7.4686e+22,945.69,19585000000000.0,1.3182e+22,150.17,590.31,20.73,C,False
5269,186.66,629.96,47.164,73.342,128.27,129.08,0.31937,-0.015421,5054.6,35.099,3.7901,8448400000000.0,26.541,8.1264e+22,714.93,14181000000000.0,7.1452e+21,444.13,1917.4,57.474,C,False
5275,56.772,790.92,36.945,51.426,107.52,110.6,0.14678,0.0017784,4364.5,30.563,4.1096,3240900000000.0,17.407,1.8504e+23,1399.6,29464000000000.0,2.0229e+22,239.78,4007.1,24.3,C,False
5285,142.59,411.58,49.185,54.543,102.56,103.26,-0.064448,0.010864,9531.2,41.2,3.6719,4814000000000.0,39.863,1.6613e+23,586.68,12684000000000.0,8.0462e+21,82.765,1360.8,8.5101,B,False
5291,80.621,724.5,50.201,43.534,82.761,84.84,-0.35436,-0.0027272,17032.0,44.137,4.1056,5343400000000.0,45.087,6.6871e+23,1350.6,24702000000000.0,2.066e+22,63.69,2723.8,4.0006,B,False
5293,51.07,464.95,26.431,35.378,100.68,101.06,0.021199,-0.0024976,1556.1,22.069,3.0091,2009700000000.0,2.2154,4.2258e+22,537.51,12619000000000.0,1.2115e+22,809.95,0.0,148.51,B,False
5297,59.445,671.76,37.043,58.519,125.72,124.67,0.44646,-0.0042297,4613.6,29.104,3.0949,3399100000000.0,16.558,8.611e+22,627.86,13379000000000.0,9.1965e+21,201.01,243.43,30.186,B,False
5299,25.17,95.372,61.859,69.178,105.91,108.57,0.22897,0.006429,3958.2,47.253,2.8814,1095000000000.0,47.893,2.058e+22,184.14,4628100000000.0,1.5012e+21,112.2,56.884,47.071,B,False
5305,22.051,249.9,53.804,79.303,116.87,119.99,-0.18798,0.0021275,6758.6,43.885,4.1693,1720300000000.0,41.254,9.3033e+22,678.46,14243000000000.0,5.9449e+21,131.34,4836.2,13.818,C,False
5311,154.73,839.28,57.339,71.625,104.8,109.16,0.1092,0.0055281,10729.0,46.434,4.6069,2483600000000.0,49.157,3.9884e+23,1686.9,34155000000000.0,1.5649e+22,188.74,27147.0,12.13,C,False
5312,88.7,1520.0,31.9,43.7,106.0,107.0,-0.121,-0.00135,3440.0,25.9,4.25,4470000000000.0,11.6,3e+23,2510.0,50600000000000.0,4.31e+22,1010.0,3000.0,80.0,M,False
5315,38.488,183.45,42.542,34.61,62.736,72.474,0.28488,0.002356,5467.7,31.085,4.7376,2481100000000.0,23.695,1.1863e+23,538.02,9073300000000.0,1.0206e+22,198.86,9568.9,16.692,C,False
5316,129.58,304.7,40.133,68.321,139.39,140.92,0.30824,0.014377,3772.1,31.418,3.1481,5064100000000.0,18.24,4.5151e+22,493.87,9946200000000.0,5.8931e+21,130.95,179.12,27.535,B,False
5321,58.545,73.366,23.105,29.085,80.643,84.835,-0.065011,-0.0051131,1113.7,17.086,2.3105,3385600000000.0,2.3406,1.6935e+22,290.61,6277500000000.0,7.236e+21,0.0,0.0,0.0,C,False
5323,74.8,2390.0,37.3,52.9,113.0,115.0,0.202,-0.00108,4220.0,30.3,4.27,7240000000000.0,17.8,3.88e+23,3180.0,66800000000000.0,4.24e+22,958.0,5330.0,77.3,M,False
5325,335.0,2710.0,41.0,53.3,105.0,111.0,-0.0777,0.0037,6550.0,34.4,4.79,13300000000000.0,25.9,7.88e+23,4690.0,90700000000000.0,6.23e+22,832.0,17700.0,40.4,M,False
5326,6.2507,72.459,29.105,51.012,127.45,126.77,0.26592,-0.0046612,1565.6,22.779,1.6009,563200000000.0,3.132,2.7882e+21,60.26,1386000000000.0,7.7139e+20,0.0,0.0,0.0,C,False
5332,215.52,1012.5,55.702,64.458,96.406,102.71,-0.16384,-0.0056726,11493.0,47.888,4.5328,10106000000000.0,51.4,5.7992e+23,1941.9,41756000000000.0,2.4361e+22,203.82,26832.0,11.481,C,False
5338,58.113,336.08,44.496,67.184,123.49,125.36,-0.22582,-0.00556,4582.0,34.964,3.2768,1222900000000.0,26.005,6.3601e+22,553.37,11675000000000.0,6.4024e+21,370.28,0.0,57.518,B,False
5340,4.0293,69.675,31.188,62.452,141.91,138.3,0.61279,-0.0042459,1769.3,21.717,1.9039,313730000000.0,3.1612,2.2299e+21,40.336,912530000000.0,5.5854e+20,0.0,0.0,0.0,B,False
5348,125.22,299.36,46.259,32.484,60.763,70.312,0.43896,0.0095921,7270.3,37.659,4.1215,5487400000000.0,34.194,1.2605e+23,478.97,7727900000000.0,8.0832e+21,528.05,2176.1,57.05,C,False
5349,56.2,660.0,49.5,70.2,116.0,116.0,0.0335,-0.00325,7220.0,38.9,3.73,1950000000000.0,36.3,1.66e+23,892.0,18200000000000.0,1.13e+22,415.0,2830.0,41.1,M,False
5354,364.42,3453.8,44.481,53.987,104.18,105.17,0.13605,-0.0038005,8452.5,37.799,4.6233,11002000000000.0,31.786,1.0764e+24,4308.6,92481000000000.0,5.9624e+22,1028.1,23226.0,43.965,C,False
5360,138.65,468.92,36.804,51.124,96.891,106.63,-0.1977,-0.0055084,5249.0,31.149,4.3106,4456600000000.0,19.041,1.7547e+23,1241.8,22782000000000.0,1.8085e+22,165.52,2519.6,20.538,C,False
5361,49.577,193.9,47.818,49.028,91.235,92.099,-0.071712,0.0058588,7782.2,40.555,2.9443,778640000000.0,38.383,8.7456e+22,286.8,7124300000000.0,4.92e+21,32.509,0.0,4.3212,B,False
5363,43.385,222.3,53.398,60.497,99.312,100.49,0.30201,0.012586,8203.1,42.407,2.8744,562600000000.0,44.764,3.7552e+22,142.78,3354800000000.0,2.1242e+21,0.0,0.0,0.0,B,False
5364,6.1814,418.65,28.729,33.348,74.185,75.694,-0.20716,-0.00021676,2718.9,23.474,3.6709,3109500000000.0,6.7291,1.0297e+23,855.7,16764000000000.0,1.9434e+22,150.77,385.32,27.748,C,False
5367,22.971,576.66,39.536,41.786,92.617,92.874,-0.088239,0.0012466,6402.9,33.537,3.896,1369600000000.0,24.419,1.567e+23,620.94,14134000000000.0,1.107e+22,0.0,0.0,0.0,B,False
5371,29.239,570.05,29.034,44.444,110.33,111.41,-0.060371,-0.0010239,2349.8,24.226,3.4958,881710000000.0,6.3664,8.9114e+22,1092.4,22770000000000.0,1.8644e+22,118.58,911.31,18.059,C,False
5373,222.0,2280.0,42.2,38.0,69.7,78.4,-0.0714,0.00207,10800.0,34.2,4.78,4100000000000.0,29.6,1.54e+24,4380.0,75600000000000.0,7.88e+22,582.0,25600.0,24.7,M,False
5377,18.766,168.05,40.757,68.115,129.38,127.18,0.76569,-0.0040956,5339.1,30.511,2.3556,1904100000000.0,17.438,3.2489e+22,226.49,4292000000000.0,3.1903e+21,206.99,235.56,33.583,B,False
5378,92.3,194.0,39.1,37.0,72.9,90.0,-0.801,0.0114,6640.0,34.8,3.33,3530000000000.0,25.3,7.14e+22,312.0,5010000000000.0,5.89e+21,0.0,0.0,0.0,M,False
5379,99.224,565.87,58.71,72.519,110.87,113.82,0.22875,-0.0052936,6631.4,47.03,3.9016,2287200000000.0,47.247,1.6507e+23,996.29,22915000000000.0,9.2244e+21,138.73,8881.2,11.453,C,False
5381,344.67,842.69,53.234,60.392,98.112,101.91,0.10629,-0.013609,14044.0,45.311,4.4493,11405000000000.0,48.13,4.7236e+23,1302.5,24817000000000.0,1.7604e+22,252.64,4772.4,16.478,B,False
5383,74.648,320.29,42.327,68.066,130.53,132.55,0.38279,-0.013433,3579.7,33.399,3.3957,3746900000000.0,21.486,2.6418e+22,310.79,6094200000000.0,3.294e+21,13.601,0.0,3.6893,B,False
5384,2.7597,475.38,50.304,70.232,117.66,115.29,0.71901,0.00058693,8063.6,35.924,1.2738,1803400000000.0,34.305,5.0353e+22,200.41,4193900000000.0,2.9772e+21,0.0,0.0,0.0,B,False
5389,3.8361,44.508,25.644,26.471,57.888,68.546,-0.068845,0.00039748,1420.6,21.224,0.0,491600000000.0,6.4443,1.8209e+22,166.74,3803100000000.0,6.0302e+21,130.07,173.24,49.491,B,False
5392,1930.0,1900.0,53.0,59.2,86.1,103.0,0.0383,-0.0278,16000.0,47.5,5.15,72500000000000.0,49.1,1.47e+24,4830.0,81600000000000.0,5.15e+22,181.0,223000.0,6.03,X,False
5394,26.088,418.32,31.627,35.859,83.831,87.545,-0.047066,-0.0011595,3906.9,26.321,3.7143,2070300000000.0,11.765,1.1674e+23,758.42,15652000000000.0,1.526e+22,55.227,0.0,7.6484,C,False
5396,203.02,642.93,47.615,58.284,108.11,108.52,0.47226,-0.010012,5409.2,38.571,3.3151,5439600000000.0,32.584,1.4566e+23,840.36,20188000000000.0,1.1248e+22,84.583,0.0,9.3535,B,False
5397,140.22,911.43,35.885,33.904,83.26,87.668,-0.25677,0.003058,7070.1,30.086,4.1647,7799800000000.0,20.212,4.3055e+23,1359.8,28527000000000.0,3.0888e+22,86.308,9626.4,6.4324,C,False
5398,8.4617,33.898,56.359,78.034,120.98,124.01,-0.38064,-0.0055377,4311.7,41.749,2.4203,677800000000.0,39.005,8.7495e+21,75.574,1917600000000.0,7.3731e+20,0.0,0.0,0.0,C,False
5403,21.282,240.82,56.264,78.562,117.19,118.34,0.046323,0.0024047,5117.0,43.797,3.435,1982400000000.0,39.577,6.0148e+22,486.42,11095000000000.0,4.518e+21,100.51,1204.4,14.764,B,False
5406,337.0,335.0,50.4,77.7,116.0,123.0,0.0626,0.0304,9360.0,41.1,4.11,12800000000000.0,40.5,1.38e+23,889.0,14900000000000.0,7.39e+21,98.7,9340.0,10.1,M,False
5408,90.896,702.99,47.476,54.511,103.16,104.48,0.64723,0.0056363,6576.4,38.211,3.4218,5557200000000.0,33.788,1.4085e+23,720.42,16705000000000.0,8.7321e+21,49.451,1034.8,5.7323,C,False
5412,53.129,789.93,51.976,79.747,129.94,128.27,0.1958,-0.0028111,6138.5,38.915,3.8744,2006300000000.0,33.739,1.5408e+23,1088.4,21567000000000.0,1.1062e+22,189.46,4128.9,17.87,C,False
5414,51.372,152.28,49.4,79.668,126.67,127.87,-0.23749,-0.01061,4775.9,37.323,3.1742,1208800000000.0,29.698,3.0711e+22,284.78,5782400000000.0,2.9905e+21,117.79,788.58,23.269,C,False
5415,5.0903,177.44,37.867,37.613,80.78,81.246,-0.12779,0.00061388,6703.7,32.114,3.7341,1332200000000.0,23.803,7.3831e+22,267.26,5301200000000.0,5.6581e+21,0.0,0.0,0.0,B,False
5417,106.76,308.11,34.731,48.142,113.35,111.99,-0.14429,-0.010629,4345.6,28.539,3.408,2224000000000.0,15.412,5.7966e+22,443.1,8986800000000.0,6.494e+21,0.0,0.0,0.0,B,False
5418,20.158,35.537,38.835,60.217,127.42,136.13,-0.66664,-0.009064,3157.7,27.813,2.3882,1580800000000.0,12.86,9.3266e+21,119.09,2453900000000.0,1.5182e+21,0.0,0.0,0.0,C,False
5422,56.635,261.3,40.427,36.881,67.935,84.774,-0.12663,0.0032181,7136.0,34.023,4.5967,2536200000000.0,26.2,1.6679e+23,705.81,11109000000000.0,1.3095e+22,551.73,1977.6,64.391,C,False
5423,45.974,353.17,39.8,65.884,126.43,126.28,-0.18621,0.003732,4610.8,31.606,3.913,2270400000000.0,18.872,7.5439e+22,640.95,12901000000000.0,8.3256e+21,154.66,2224.3,17.928,B,False
5424,27.293,450.37,35.112,47.261,94.384,97.359,-0.12778,0.0010584,4546.1,28.967,3.9164,1675200000000.0,14.907,1.5569e+23,1001.6,18878000000000.0,1.7968e+22,177.6,1909.7,23.334,C,False
5425,15.619,254.76,37.447,33.669,69.263,73.729,-0.1561,-0.00091132,5490.8,30.79,3.508,1361400000000.0,21.431,1.2498e+23,503.45,10372000000000.0,1.1235e+22,18.838,0.0,2.5066,C,False
5427,128.32,168.72,29.337,38.617,100.27,102.72,-0.085355,-0.012021,2101.6,26.008,3.3948,7506900000000.0,8.338,2.9792e+22,387.64,8726200000000.0,6.5321e+21,0.0,0.0,0.0,C,False
5430,26.142,446.87,58.175,69.322,99.684,106.84,0.045795,-0.0014526,9889.1,48.828,3.9856,3116100000000.0,52.4,2.3637e+23,1001.3,20932000000000.0,1.0759e+22,154.82,10062.0,11.226,C,False
5431,64.339,760.26,51.906,49.069,80.72,88.215,-0.021475,-0.0020097,12654.0,45.203,4.1214,2443000000000.0,49.525,5.3802e+23,1308.2,26878000000000.0,2.2537e+22,223.95,10751.0,13.041,C,False
5436,1.5648,412.07,55.924,65.519,100.06,100.09,0.097005,-0.00013183,11321.0,45.0,3.3595,637580000000.0,49.857,1.7846e+23,496.77,11884000000000.0,7.5481e+21,365.06,882.39,34.449,C,False
5438,20.358,224.29,36.479,31.393,61.341,76.111,-0.29924,-0.0017167,4537.1,29.912,3.7316,1878100000000.0,21.492,7.1462e+22,309.32,5768900000000.0,8.5013e+21,0.0,0.0,0.0,B,False
5439,235.0,298.0,45.0,31.4,58.4,70.2,-0.275,0.0116,8870.0,36.2,3.88,8240000000000.0,34.2,2.39e+23,630.0,10600000000000.0,1.33e+22,476.0,4830.0,58.0,M,False
5441,307.03,2456.7,39.979,62.18,123.38,124.88,0.51296,-0.0057938,4815.0,31.273,4.2566,14042000000000.0,19.412,3.3887e+23,2810.5,57759000000000.0,3.3541e+22,1773.6,7733.5,123.91,C,False
5442,256.27,2441.2,39.006,60.168,123.53,124.47,0.4829,-0.0047013,4477.4,30.724,4.0059,13604000000000.0,19.004,3.2413e+23,2695.2,56979000000000.0,3.38e+22,1800.0,3618.1,146.77,C,False
5443,67.542,1227.0,28.693,40.279,102.49,103.56,-0.038503,0.0012795,2614.1,23.188,4.107,3826700000000.0,5.9992,1.8327e+23,2082.0,39116000000000.0,3.5453e+22,1891.6,2213.6,172.77,C,False
5444,3.9006,346.8,45.395,61.1,116.24,115.09,0.31776,0.00063269,2382.7,34.517,2.8001,1041900000000.0,24.558,1.9508e+22,269.61,6758200000000.0,2.9388e+21,0.0,0.0,0.0,C,False
5447,1.6173,84.089,33.42,58.365,124.81,125.76,0.080405,-0.00037665,2755.8,27.741,2.8071,184670000000.0,10.177,1.5715e+22,226.65,4493900000000.0,2.9219e+21,74.769,104.23,29.163,C,False
5449,15.848,448.14,42.377,32.092,55.226,63.267,-0.1674,0.00048634,6991.9,29.888,4.0568,2958900000000.0,23.903,3.0258e+23,959.11,16816000000000.0,2.1044e+22,31.202,881.72,6.8544,C,False
5453,8.1123,202.9,30.767,33.667,83.821,84.793,-0.056153,-0.00055291,3347.1,25.791,3.394,681780000000.0,11.185,6.5219e+22,403.91,8889500000000.0,9.2517e+21,0.0,0.0,0.0,C,False
5454,28.011,219.09,36.572,34.608,68.777,80.972,0.058966,0.0043247,3789.4,29.306,4.8098,1683200000000.0,19.237,3.2595e+22,203.96,3528700000000.0,4.2456e+21,24.638,159460.0,0.88554,C,False
5457,4.0101,134.64,39.501,28.42,52.698,63.377,-0.080963,0.0008275,5128.9,34.809,4.1779,210020000000.0,25.32,3.3008e+22,190.06,2476700000000.0,3.6571e+21,112.23,0.0,15.007,C,False
5460,142.13,465.93,51.077,62.623,102.68,105.28,0.16794,0.0074319,8451.2,42.206,3.9937,4733200000000.0,39.427,2.1464e+23,922.76,19484000000000.0,1.1793e+22,168.79,4007.9,12.71,B,False
5461,124.04,448.91,41.387,49.303,91.437,94.731,0.061869,0.005551,5884.6,34.743,3.7005,3113800000000.0,26.57,1.7463e+23,884.42,18151000000000.0,1.5022e+22,204.66,2655.1,19.304,B,False
5467,33.981,295.82,51.908,62.231,98.041,104.59,-0.056464,0.00257,9167.2,44.512,4.1043,960810000000.0,45.273,1.6097e+23,723.94,14212000000000.0,8.784e+21,107.11,3041.9,9.9847,B,False
5469,42.722,176.74,45.201,63.943,115.02,117.98,-0.32978,0.0053962,4461.5,36.814,3.8417,3823600000000.0,29.291,4.6909e+22,434.48,9316000000000.0,4.9672e+21,109.17,1018.6,16.415,B,False
5472,47.842,354.44,26.96,36.282,111.48,111.08,-0.40389,-0.0036222,1879.5,23.737,2.3091,2821700000000.0,5.0878,3.2968e+22,458.54,10127000000000.0,8.261e+21,0.0,0.0,0.0,C,False
5475,2.9226,156.09,33.15,28.378,61.841,82.299,-0.10785,0.00024668,2948.2,26.936,3.1195,682820000000.0,16.146,4.6389e+22,288.3,6018400000000.0,7.0412e+21,0.0,0.0,0.0,B,False
5477,77.238,172.96,39.59,50.134,99.329,102.35,-0.23519,-0.0087601,5438.7,32.716,3.789,3361600000000.0,23.647,6.3684e+22,355.53,6831800000000.0,6.22e+21,149.16,577.3,25.26,C,False
5479,5.9041,239.72,26.093,39.954,116.72,117.2,-0.39718,-0.00072693,1690.9,22.292,0.0,1664000000000.0,3.0165,1.8238e+22,301.98,6643100000000.0,5.187e+21,0.0,0.0,0.0,C,False
5480,228.39,890.75,39.142,42.401,81.284,86.684,0.16478,0.0047621,6650.8,31.733,4.5596,4278500000000.0,23.133,4.2362e+23,1978.3,35623000000000.0,3.3543e+22,261.49,1567.1,22.31,C,False
5481,56.195,1447.2,42.395,73.831,132.57,129.77,0.81395,-0.0028304,3106.5,29.798,3.1426,8304600000000.0,15.729,8.1913e+22,1006.8,21807000000000.0,1.1528e+22,110.13,431.02,20.385,C,False
5483,0.0,0.0,0.0,0.0,0.0,0.0,0.0,0.0,0.0,0.0,3.3407,0.0,0.0,0.0,0.0,0.0,0.0,45.162,0.0,13.02,C,False
5484,67.652,113.96,34.498,63.589,137.94,138.08,-0.35126,-0.016504,3443.5,26.195,3.0644,3396400000000.0,7.6848,1.8745e+22,220.49,3956600000000.0,2.8351e+21,77.709,328.81,21.901,C,False
5485,65.72,58.281,27.131,48.186,121.39,124.32,-0.26723,-0.020247,2271.9,22.149,3.1045,3824000000000.0,4.159,9.7937e+21,158.11,3042900000000.0,2.2004e+21,0.0,0.0,0.0,C,False
5486,549.25,1491.2,48.638,64.838,113.03,114.36,0.41108,-0.013725,7751.4,39.188,4.0549,15769000000000.0,34.801,4.1196e+23,2267.1,43890000000000.0,2.4685e+22,398.28,12046.0,25.32,B,False
5488,334.95,1658.6,50.892,58.813,96.468,101.28,0.074823,0.0066728,11351.0,43.346,4.6286,10270000000000.0,42.945,7.567e+23,2929.3,57467000000000.0,3.214e+22,221.8,23911.0,10.996,C,False
5492,157.51,1682.6,47.501,64.163,111.43,115.78,0.098625,-0.0029073,7659.4,39.795,4.6022,2716900000000.0,35.832,5.5112e+23,2983.2,60093000000000.0,3.4427e+22,357.26,27030.0,18.969,C,False
5493,290.08,2640.0,47.69,53.859,100.89,103.68,0.35829,0.005083,8970.2,39.229,3.7371,10426000000000.0,35.635,6.7988e+23,2398.1,56670000000000.0,3.2837e+22,296.43,9342.7,15.766,C,False
5495,64.186,2668.7,42.225,53.28,104.35,106.58,0.076298,-0.00059572,5203.8,35.157,4.5578,8028300000000.0,27.294,7.4462e+23,4968.3,103600000000000.0,6.5007e+22,386.08,28995.0,21.875,C,False
5496,340.95,2072.3,34.182,41.409,90.044,91.496,-0.041722,-0.0027807,3704.1,28.484,4.4581,11617000000000.0,14.539,6.032e+23,4492.7,89292000000000.0,8.0279e+22,542.98,4686.3,40.618,C,False
5499,546.74,1877.1,45.478,66.028,117.12,120.25,0.14814,0.011046,6784.9,36.134,4.7484,28600000000000.0,27.91,4.4601e+23,2777.4,55224000000000.0,3.0091e+22,925.15,38229.0,54.835,C,False
5502,4.7881,458.2,40.397,33.744,72.428,83.858,-0.06349,0.00052266,7185.0,33.968,0.0,308670000000.0,28.447,8.7414e+22,283.12,4914300000000.0,5.8002e+21,469.43,3645.1,48.817,C,False
5504,313.99,1443.1,59.915,67.406,94.694,100.27,0.058194,0.0068401,12972.0,51.035,4.5817,14647000000000.0,56.928,7.9085e+23,2742.5,55152000000000.0,2.6565e+22,180.91,54881.0,8.6239,C,False
5507,462.21,2835.3,54.612,59.477,94.254,97.613,0.11297,-0.0049521,9590.5,46.991,4.7597,9253600000000.0,47.912,1.1888e+24,4178.2,95350000000000.0,5.1938e+22,372.33,66265.0,14.785,C,False
5509,76.455,356.13,39.138,74.531,144.91,146.27,0.86102,0.012124,2297.4,27.004,3.3334,4103900000000.0,11.545,1.924e+22,378.93,7744300000000.0,3.6866e+21,13.907,0.0,4.3679,B,False
5511,39.052,244.03,34.889,61.334,133.76,134.83,1.1035,-0.009219,1945.8,25.835,2.2335,2378900000000.0,10.576,1.0946e+22,243.55,5293300000000.0,2.4285e+21,0.0,0.0,0.0,B,False
5512,229.09,511.09,63.274,44.264,63.448,68.599,0.50783,0.012104,19989.0,56.732,3.2793,8817500000000.0,68.507,5.0248e+23,606.96,14633000000000.0,1.1936e+22,20.396,0.0,1.2817,B,False
5513,64.2,270.0,34.2,46.0,86.8,106.0,0.0785,-0.00565,6340.0,28.7,3.73,490000000000.0,15.1,9.55e+22,661.0,9830000000000.0,9.3e+21,109.0,60.7,38.3,M,False
5515,8.1128,66.125,39.094,33.505,56.189,62.328,-0.047262,-0.0029598,5326.4,32.238,2.4934,216210000000.0,21.233,1.9389e+22,89.188,1284400000000.0,2.1939e+21,0.0,0.0,0.0,B,False
5516,49.9,1450.0,39.5,45.4,99.2,99.9,0.14,0.000746,5620.0,34.0,4.24,4970000000000.0,23.3,4.99e+23,2440.0,57000000000000.0,3.99e+22,368.0,0.0,24.0,M,False
5517,165.73,200.86,38.396,35.212,67.753,71.012,-0.062067,-0.013743,5820.0,30.381,4.3677,3848500000000.0,22.597,9.3206e+22,425.39,7627100000000.0,7.7308e+21,1018.6,2949.5,83.028,C,False
5519,28.718,356.81,28.842,31.694,62.233,68.571,-0.088976,-0.00083739,2200.0,21.823,3.2103,2038700000000.0,7.1029,1.002e+23,803.93,15649000000000.0,2.3642e+22,0.0,0.0,0.0,B,False
5520,201.0,1190.0,34.1,41.1,90.8,94.9,-0.29,-0.00343,4780.0,28.4,4.42,8970000000000.0,15.5,3.72e+23,2330.0,42500000000000.0,4.12e+22,584.0,2490.0,49.4,M,False
5522,0.57511,59.551,32.28,69.273,158.52,158.27,1.1098,-0.0019562,1300.1,18.354,0.0,165990000000.0,3.7415,5.076e+20,16.98,365640000000.0,1.7152e+20,0.0,0.0,0.0,C,False
5523,226.45,714.94,43.941,70.46,121.67,126.12,-0.069187,0.01046,6145.3,35.301,4.243,11676000000000.0,26.554,1.7669e+23,1257.6,24519000000000.0,1.4956e+22,109.41,8322.3,10.525,B,False
5524,348.24,654.03,33.077,36.418,85.918,88.0,-0.29802,-0.0075833,4636.2,27.541,4.0164,7093000000000.0,14.489,2.8276e+23,1666.1,30957000000000.0,3.1091e+22,272.55,1785.0,25.796,C,False
5526,61.743,378.06,44.495,34.785,56.087,63.951,0.22101,0.0025744,7864.0,36.492,3.7794,2704200000000.0,33.278,2.505e+23,699.27,13075000000000.0,1.5807e+22,173.76,489.98,20.023,C,False
5527,36.143,164.59,46.991,34.751,59.522,63.903,-0.081299,-0.0042144,10866.0,40.288,3.7802,507480000000.0,38.906,1.2377e+23,282.82,4488100000000.0,6.0361e+21,0.0,0.0,0.0,B,False
5529,61.432,174.84,40.853,62.957,114.57,122.47,-0.31413,0.0085726,6967.4,33.199,4.0428,1222800000000.0,20.862,6.6307e+22,456.48,7792500000000.0,5.2382e+21,106.07,510.95,15.254,B,False
5531,2.4517,125.33,33.03,57.172,129.41,131.09,-0.11841,-0.00044634,3762.1,26.1,3.4392,350170000000.0,6.8451,2.7444e+22,273.5,5123900000000.0,3.7558e+21,78.828,1268.5,16.455,B,False
5533,31.689,149.18,33.618,34.913,72.712,83.977,-0.2526,-0.0024417,3964.6,26.728,3.454,1779700000000.0,12.228,6.8331e+22,398.22,6937700000000.0,8.6126e+21,0.0,0.0,0.0,B,False
5534,13.047,55.934,25.466,38.112,96.658,96.655,-0.47505,-0.0029591,1985.9,20.075,2.5469,1109100000000.0,1.5877,1.1628e+22,168.25,2912700000000.0,3.2073e+21,0.0,0.0,0.0,B,False
5535,2.1436,67.217,27.718,48.302,113.95,122.66,0.0025927,-0.00068706,2463.3,20.452,3.2665,324750000000.0,6.5385,1.0207e+22,141.61,2564800000000.0,2.4268e+21,0.0,0.0,0.0,B,False
5536,1.541,59.798,30.302,56.299,133.5,133.21,0.016736,0.0013342,1732.2,22.374,1.9967,410750000000.0,3.2035,2.657e+21,50.914,1135100000000.0,6.9624e+20,0.0,0.0,0.0,B,False
5537,31.218,106.11,34.549,67.353,142.14,139.72,1.1678,0.011635,2919.9,25.388,0.0,1767700000000.0,6.5971,1.0404e+22,127.36,2641100000000.0,1.6871e+21,14.866,0.0,3.7508,C,False
5538,16.785,385.76,28.171,47.138,124.56,123.35,0.32114,0.0015784,1502.0,22.489,2.1937,1736300000000.0,2.9337,2.1213e+22,367.12,8591600000000.0,6.1795e+21,0.0,0.0,0.0,C,False
5539,155.0,545.0,48.9,48.5,77.7,88.3,-0.298,-0.00682,14500.0,42.7,3.96,3540000000000.0,43.6,4.39e+23,1400.0,20700000000000.0,1.8e+22,217.0,5120.0,15.5,M,False
5540,25.74,5654.2,43.56,53.433,105.29,108.83,0.3079,0.00019104,10368.0,36.771,4.8098,21336000000000.0,29.965,1.8553e+24,6140.8,127420000000000.0,8.8118e+22,387.47,64200.0,12.686,C,False
5541,14.802,65.898,31.225,59.126,139.11,136.62,-0.195,-0.0091594,1795.2,23.627,2.3958,954370000000.0,4.703,3.8526e+21,74.609,1569400000000.0,9.9328e+20,0.0,0.0,0.0,B,False
5542,45.333,101.83,33.564,51.547,107.5,113.75,-0.41593,0.009631,3365.6,26.112,3.607,2117100000000.0,12.428,2.1039e+22,209.69,4050000000000.0,3.4475e+21,71.197,90.802,25.495,C,False
5543,7.168,127.28,27.625,33.874,92.343,92.175,-0.14599,0.00072426,1473.8,22.432,1.9986,738490000000.0,2.8392,1.9371e+22,255.7,5592300000000.0,5.8299e+21,0.0,0.0,0.0,B,False
5544,20.07,51.777,42.32,52.871,106.93,110.28,0.023174,-0.0059291,3686.6,32.982,0.0,1025200000000.0,19.734,1.6573e+22,127.01,2612600000000.0,2.0417e+21,21.932,0.0,5.6344,B,False
5545,25.065,63.764,30.981,48.899,124.13,123.04,-0.38109,0.009455,2138.3,25.955,2.1822,1049200000000.0,7.1671,7.5283e+21,105.96,2369300000000.0,1.6225e+21,0.0,0.0,0.0,B,False
5546,297.0,743.0,57.3,57.2,89.0,92.5,0.191,-0.0123,17600.0,49.4,4.26,16400000000000.0,54.7,5.63e+23,1260.0,24600000000000.0,1.54e+22,107.0,3250.0,6.86,M,False
