,xray_class,T_REC,NOAA_AR,USFLUX,MEANGAM,MEANGBT,MEANJZD,MEANJZH,ABSNJZH,R_VALUE
0,M,2010-05-01 00:00:00,11067,6.51e+21,28.3,66.8,-0.132,0.0031,30.3,3.34
1,M,2010-05-01 00:00:00,11067,6.51e+21,28.3,66.8,-0.132,0.0031,30.3,3.34
2,M,2010-05-01 00:00:00,11067,6.51e+21,28.3,66.8,-0.132,0.0031,30.3,3.34
3,M,2010-05-01 00:00:00,11067,6.51e+21,28.3,66.8,-0.132,0.0031,30.3,3.34
4,M,2010-05-01 00:00:00,11067,6.51e+21,28.3,66.8,-0.132,0.0031,30.3,3.34
5,M,2010-05-01 00:00:00,11067,6.51e+21,28.3,66.8,-0.132,0.0031,30.3,3.34
6,M,2010-05-01 00:00:00,11067,6.51e+21,28.3,66.8,-0.132,0.0031,30.3,3.34
7,M,2010-05-01 00:00:00,11067,6.51e+21,28.3,66.8,-0.132,0.0031,30.3,3.34
8,M,2010-05-01 00:00:00,11067,6.51e+21,28.3,66.8,-0.132,0.0031,30.3,3.34
9,M,2010-05-05 17:00:00,11069,1.1e+22,41.2,93.1,-0.0758,-0.0205,337.0,4.11
10,M,2010-06-12 00:24:00,11081,8.42e+21,43.0,129.0,-0.534,0.0159,199.0,4.15
11,M,2010-06-13 05:24:00,11079,5.21e+21,37.1,81.9,-0.122,-0.00294,19.9,3.27
12,M,2010-08-07 17:48:00,11093,1.26e+22,42.1,96.4,-0.0238,-0.00725,156.0,3.7
13,M,2010-10-16 19:12:00,11112,1.47e+22,35.1,119.0,0.25,0.0033,80.8,4.04
14,M,2010-11-04 23:36:00,11121,1.57e+22,29.5,68.6,0.114,0.00395,81.9,4.68
15,M,2010-11-05 12:48:00,11121,2.13e+22,27.9,70.5,0.135,-0.00265,79.8,3.93
16,M,2010-11-06 15:24:00,11121,2.9e+22,28.2,92.9,0.0847,0.00405,177.0,3.73
17,M,2011-01-27 14:00:00,11149,4.37e+21,48.9,58.2,-0.914,0.00538,33.3,4.12
18,M,2011-02-09 01:24:00,11153,2.31e+22,38.9,72.5,-0.0191,-0.00478,137.0,4.39
19,M,2011-02-13 17:24:00,11158,1.88e+22,60.3,104.0,0.0136,0.0238,736.0,4.8
20,M,2011-02-14 17:24:00,11158,2.52e+22,60.3,95.7,0.088,0.0139,552.0,4.88
21,M,2011-02-16 01:36:00,11161,1.71e+22,42.9,104.0,-0.199,-0.0134,318.0,4.48
22,M,2011-02-16 07:36:00,11158,2.81e+22,55.7,92.8,0.176,0.0207,926.0,4.9
23,M,2011-02-16 14:24:00,11162,1.5e+22,46.7,104.0,-0.0686,-0.0088,191.0,4.44
24,M,2011-02-18 10:00:00,11158,3.69e+22,44.0,92.3,-0.0395,0.0102,507.0,4.78
25,M,2011-02-18 10:24:00,11161,1.78e+22,53.0,117.0,-0.00357,-0.00346,102.0,4.59
26,M,2011-02-18 13:00:00,11161,1.87e+22,53.7,113.0,-0.00883,-0.00917,295.0,4.66
27,M,2011-02-18 14:00:00,11162,1.9e+22,53.1,115.0,-0.0245,-0.00998,321.0,4.69
28,M,2011-02-18 21:00:00,11158,3.86e+22,40.6,90.4,-0.0513,0.0185,937.0,4.71
29,M,2011-02-24 07:24:00,11163,7.34e+20,44.4,42.5,-0.496,-0.00851,11.1,4.28
30,M,2011-02-28 12:36:00,11164,2.85e+22,36.6,88.9,-0.135,0.013,549.0,4.46
31,M,2011-03-07 05:00:00,11165,5e+22,39.9,82.6,-0.125,0.00942,618.0,4.7
32,M,2011-03-07 07:48:00,11164,6.55e+22,39.0,85.0,-0.017,0.00362,326.0,4.93
33,M,2011-03-07 08:00:00,11164,6.53e+22,39.3,85.4,-0.0172,0.00268,241.0,4.97
34,M,2011-03-07 09:12:00,11165,5.12e+22,40.0,79.5,-0.156,0.00698,454.0,4.7
35,M,2011-03-07 13:48:00,11166,2.3e+22,56.9,94.7,0.424,1.57e-06,0.0591,4.45
36,M,2011-03-07 19:48:00,11165,5.03e+22,41.6,72.1,-0.0353,0.0148,911.0,4.71
37,M,2011-03-07 21:48:00,11166,2.68e+22,58.1,95.6,0.211,-0.00354,159.0,4.63
38,M,2011-03-08 02:24:00,11165,3.8e+22,41.6,62.9,-0.175,0.0128,635.0,4.4
39,M,2011-03-08 03:36:00,11166,2.91e+22,58.1,102.0,0.327,-0.00022,9.84,4.75
40,M,2011-03-08 10:36:00,11166,2.92e+22,59.6,91.6,0.291,0.00196,101.0,4.87
41,M,2011-03-08 18:12:00,11166,2.96e+22,59.3,98.6,0.3,0.000821,38.7,4.91
42,M,2011-03-08 19:48:00,11166,3.07e+22,58.9,95.9,0.264,-0.000238,12.2,4.92
43,M,2011-03-09 10:36:00,11166,3.02e+22,59.0,91.3,0.26,-0.00219,108.0,4.78
44,M,2011-03-09 13:12:00,11166,3.13e+22,58.2,92.4,0.308,-9.55e-06,0.485,4.82
45,M,2011-03-10 22:36:00,11166,3.75e+22,54.3,97.6,0.197,0.00266,150.0,4.88
46,M,2011-03-12 04:36:00,11169,1.67e+22,47.6,116.0,0.108,-0.0266,664.0,4.33
47,M,2011-03-14 19:24:00,11169,2.77e+22,39.9,95.9,0.00239,-0.0182,714.0,4.67
48,M,2011-03-15 00:12:00,11169,2.93e+22,38.6,89.0,0.0242,-0.0134,557.0,4.49
49,M,2011-03-23 02:00:00,11176,3.92e+22,42.4,66.9,0.108,0.00444,250.0,4.49
50,M,2011-03-24 12:00:00,11176,4.51e+22,39.1,83.1,0.033,0.00558,386.0,4.49
51,M,2011-03-25 23:00:00,11176,5.02e+22,41.2,106.0,0.129,0.0062,486.0,4.53
52,M,2011-04-15 16:48:00,11190,3.11e+22,44.6,118.0,0.108,-0.00915,417.0,4.82
53,M,2011-04-22 04:36:00,11195,5.35e+22,36.9,99.0,0.0807,0.00873,710.0,4.78
54,M,2011-04-22 15:48:00,11195,5.19e+22,40.0,98.6,0.165,0.00823,692.0,4.83
55,M,2011-05-28 21:12:00,11227,3.4e+22,44.4,76.8,-0.0141,0.0107,479.0,4.79
56,M,2011-05-29 10:12:00,11227,3.82e+22,45.8,78.9,-0.02,0.0153,796.0,4.72
57,M,2011-06-07 06:00:00,11226,2.53e+22,28.6,97.4,-0.0883,0.00719,287.0,3.78
58,M,2011-06-14 21:24:00,11236,4.75e+22,39.0,58.5,-0.095,0.0073,488.0,4.48
59,M,2011-07-27 15:36:00,11260,1.36e+22,45.5,114.0,0.117,-0.000256,5.51,4.4
60,M,2011-07-30 02:00:00,11263,2.92e+22,47.6,69.6,0.00417,0.00131,50.1,4.23
61,M,2011-08-02 05:24:00,11263,2.86e+22,60.5,84.9,0.0519,0.0183,742.0,4.81
62,M,2011-08-03 03:12:00,11261,2.24e+22,52.1,109.0,0.19,0.0329,1150.0,4.75
63,M,2011-08-03 04:24:00,11261,2.26e+22,51.6,109.0,0.115,0.0344,1230.0,4.74
64,M,2011-08-03 13:12:00,11261,2.28e+22,49.0,108.0,0.0724,0.0322,1230.0,4.84
65,M,2011-08-04 03:24:00,11261,2.41e+22,46.1,115.0,-0.221,0.0215,807.0,4.7
66,M,2011-08-08 18:00:00,11263,3.76e+22,43.3,73.8,0.02,0.0181,948.0,4.56
67,M,2011-08-09 03:24:00,11263,3.88e+22,43.4,70.7,0.0566,0.0171,947.0,4.5
68,M,2011-09-04 11:24:00,11286,1.95e+22,32.0,90.7,-0.123,-0.00221,68.7,3.87
69,M,2011-09-05 04:12:00,11283,2.03e+22,51.5,111.0,0.414,-4.38e-05,1.6,4.33
70,M,2011-09-05 07:24:00,11283,1.86e+22,52.8,113.0,0.401,0.000137,4.48,4.48
71,M,2011-09-06 01:36:00,11283,1.65e+22,55.0,110.0,0.318,0.00632,181.0,4.49
72,M,2011-09-08 15:36:00,11283,2.04e+22,42.2,107.0,0.177,0.00601,206.0,4.51
73,M,2011-09-09 06:00:00,11283,2.78e+22,37.6,101.0,0.0741,0.007,296.0,4.65
74,M,2011-09-09 12:36:00,11283,2.91e+22,36.8,94.7,-0.0208,0.00526,239.0,4.43
75,M,2011-09-10 07:12:00,11283,3.24e+22,33.2,78.6,0.0402,0.00483,243.0,4.27
76,M,2011-09-21 12:00:00,11295,4.32e+22,41.7,105.0,0.152,0.00345,255.0,4.45
77,M,2011-09-22 09:48:00,11295,5.4e+22,36.4,99.8,-0.0245,0.00365,295.0,4.68
78,M,2011-09-23 01:48:00,11295,6.36e+22,35.3,83.5,0.000324,0.00403,385.0,4.59
79,M,2011-09-23 22:00:00,11302,6.2e+22,47.8,76.4,0.089,-0.00763,606.0,4.92
80,M,2011-09-23 23:48:00,11295,6.93e+22,37.9,67.0,-0.0163,0.000912,87.9,4.48
81,M,2011-09-24 12:36:00,11302,5.51e+22,50.2,77.3,0.0708,-0.00548,412.0,4.83
82,M,2011-09-24 16:36:00,11303,7.24e+21,43.1,96.1,-0.181,-0.00673,72.5,3.64
83,M,2011-09-24 17:24:00,11302,5.6e+22,51.1,78.6,0.15,-0.00145,110.0,5.0
84,M,2011-09-24 18:00:00,11303,8.54e+21,42.9,90.4,-0.375,-0.00981,121.0,3.78
85,M,2011-09-24 19:12:00,11303,9.19e+21,46.3,83.0,-0.408,-0.015,212.0,3.86
86,M,2011-09-24 20:24:00,11302,5.46e+22,50.9,82.9,0.0559,-0.00302,209.0,5.05
87,M,2011-09-24 21:24:00,11303,1.05e+22,46.6,80.6,-0.189,-0.0183,285.0,4.1
88,M,2011-09-24 23:48:00,11302,5.75e+22,50.6,82.9,0.156,-0.00861,654.0,5.07
89,M,2011-09-25 02:24:00,11303,1.44e+22,46.1,71.8,-0.155,-0.0156,333.0,4.18
90,M,2011-09-25 04:36:00,11302,5.28e+22,51.5,85.6,0.297,-0.00804,535.0,5.14
91,M,2011-09-25 08:48:00,11303,1.53e+22,45.7,79.9,0.19,-0.00681,141.0,4.14
92,M,2011-09-25 09:24:00,11303,1.47e+22,47.5,79.1,0.122,-0.00667,146.0,4.21
93,M,2011-09-25 15:24:00,11303,1.68e+22,45.2,72.5,-0.0119,-0.0108,247.0,4.24
94,M,2011-09-25 16:48:00,11302,4.84e+22,53.9,84.7,0.171,-0.00693,460.0,5.19
95,M,2011-09-26 05:00:00,11302,4.61e+22,55.2,89.1,0.2,-0.0055,337.0,5.18
96,M,2011-09-26 14:36:00,11302,4.19e+22,58.0,84.0,0.217,-0.00304,182.0,5.09
97,M,2011-09-28 17:36:00,11305,8.31e+21,46.6,100.0,0.213,-0.00285,38.3,3.94
98,M,2011-09-30 19:00:00,11305,9.15e+21,61.9,99.4,0.62,-0.0307,477.0,4.14
99,M,2011-10-01 09:00:00,11305,1.21e+22,63.1,81.4,0.378,-0.0139,468.0,4.25
100,M,2011-10-02 00:36:00,11302,3.93e+22,47.4,89.8,0.214,-0.011,649.0,4.14
101,M,2011-10-02 17:12:00,11302,3.96e+22,42.7,90.3,0.0793,-0.0106,580.0,4.45
102,M,2011-10-20 03:12:00,11319,6.87e+22,36.3,92.1,0.00541,-0.00163,161.0,4.41
103,M,2011-10-21 12:48:00,11314,6.19e+22,37.3,63.7,0.0011,-0.00167,155.0,4.53
104,M,2011-10-22 09:48:00,11314,2.11e+22,33.0,58.7,-0.102,-0.000419,13.7,4.68
105,M,2011-11-01 02:48:00,11339,0.0,0.0,0.0,0.0,0.0,0.0,4.71
106,M,2011-11-01 02:48:00,11339,0.0,0.0,0.0,0.0,0.0,0.0,4.71
107,M,2011-11-02 21:48:00,11339,8.56e+22,45.7,62.5,-0.0278,0.000731,80.0,4.83
108,M,2011-11-03 11:00:00,11339,8.33e+22,46.0,64.1,0.0104,0.000264,29.6,4.86
109,M,2011-11-03 23:24:00,11339,8.6e+22,45.3,73.3,0.0336,-0.000257,29.3,4.93
110,M,2011-11-04 20:36:00,11339,8.04e+22,45.8,85.0,0.0189,-0.00122,131.0,5.12
111,M,2011-11-05 03:12:00,11339,7.74e+22,46.7,87.0,0.047,-0.00151,158.0,5.13
112,M,2011-11-05 11:12:00,11339,7.01e+22,48.2,85.6,0.0189,-0.00107,107.0,5.1
113,M,2011-11-05 20:36:00,11339,7.24e+22,48.5,91.3,0.147,-0.00199,205.0,5.16
114,M,2011-11-06 00:48:00,11339,7.22e+22,48.8,90.3,0.161,-0.00408,439.0,5.12
115,M,2011-11-06 06:00:00,11339,6.58e+22,50.2,91.2,0.119,-0.00375,368.0,5.08
116,M,2011-11-09 12:48:00,11342,2.8e+22,41.9,104.0,0.252,0.000355,15.8,4.01
117,M,2011-11-15 09:00:00,11348,2.42e+22,37.8,85.8,0.162,-0.0116,380.0,4.93
118,M,2011-11-15 12:24:00,11348,2.33e+22,39.8,85.0,0.184,-0.00377,119.0,4.93
119,M,2011-11-15 22:12:00,11348,1.63e+22,40.2,85.4,-0.0665,-0.00477,97.9,4.59
120,M,2011-12-25 18:12:00,11387,8.18e+21,52.1,125.0,-0.0262,0.0271,363.0,4.48
121,M,2011-12-26 02:12:00,11387,9.24e+21,51.5,126.0,-0.0466,0.0198,298.0,4.49
122,M,2011-12-26 20:12:00,11389,5.81e+21,43.7,55.0,0.717,0.0116,99.3,4.71
123,M,2011-12-29 13:36:00,11389,6.48e+22,35.1,85.1,-0.105,0.0033,305.0,4.47
124,M,2011-12-29 21:48:00,11389,6.84e+22,35.5,90.8,-0.103,0.00497,478.0,4.63
125,M,2011-12-30 03:00:00,11389,7e+22,35.8,89.8,-0.0367,0.00331,336.0,4.66
126,M,2011-12-31 13:12:00,11389,5.11e+22,40.8,98.8,0.0956,0.00271,222.0,4.6
127,M,2011-12-31 16:12:00,11389,5.24e+22,41.1,97.9,0.127,0.00182,159.0,4.6
128,M,2012-01-14 13:12:00,11402,3.12e+21,48.0,63.4,0.849,-0.000597,2.54,4.81
129,M,2012-01-17 04:36:00,11401,8.61e+22,41.3,74.8,0.00192,-0.00544,649.0,4.63
130,M,2012-01-18 19:24:00,11396,7.77e+21,29.4,98.0,-0.0333,-0.00841,107.0,3.67
131,M,2012-01-19 13:48:00,11396,5.34e+21,24.6,94.4,-0.172,-0.00698,59.1,2.59
132,M,2012-01-23 03:24:00,11402,6.6e+22,41.2,114.0,0.00149,-0.0121,1200.0,4.68
133,M,2012-02-06 19:36:00,11410,3.7e+22,38.1,74.0,0.112,0.0053,288.0,4.39
134,M,2012-03-02 17:24:00,11429,0.0,0.0,0.0,0.0,0.0,0.0,5.03
135,M,2012-03-04 10:24:00,11429,3.71e+22,47.6,65.9,0.0388,-0.0189,853.0,4.54
136,M,2012-03-05 19:12:00,11429,4.98e+22,50.4,87.2,0.0615,-0.0305,1860.0,5.04
137,M,2012-03-05 19:24:00,11429,5e+22,50.4,87.6,0.0291,-0.0312,1910.0,5.05
138,M,2012-03-05 22:24:00,11430,5.32e+22,50.4,86.6,0.0578,-0.0317,2130.0,5.14
139,M,2012-03-06 00:24:00,11429,5.33e+22,51.2,89.1,-0.0473,-0.0321,2130.0,5.15
140,M,2012-03-06 01:36:00,11430,5.38e+22,51.2,89.1,-0.0148,-0.032,2140.0,5.19
141,M,2012-03-06 04:00:00,11430,5.55e+22,50.8,87.6,0.0681,-0.029,2060.0,5.14
142,M,2012-03-06 07:48:00,11429,5.33e+22,51.9,89.2,0.0136,-0.0295,2010.0,5.22
143,M,2012-03-06 12:24:00,11429,5.14e+22,52.8,86.1,-0.0238,-0.0287,1970.0,5.2
144,M,2012-03-06 21:00:00,11430,5.6e+22,53.3,89.2,0.0527,-0.0298,2300.0,5.3
145,M,2012-03-06 22:48:00,11429,5.55e+22,53.6,90.6,0.105,-0.0296,2230.0,5.25
146,M,2012-03-09 03:24:00,11432,8.01e+21,37.1,70.3,-0.125,-0.0172,187.0,3.78
147,M,2012-03-10 17:12:00,11432,1.02e+22,34.4,83.9,-0.148,-0.0138,216.0,3.81
148,M,2012-03-13 17:12:00,11432,1.03e+22,42.0,129.0,0.344,0.00444,75.7,3.2
149,M,2012-03-14 15:12:00,11433,1.35e+22,43.1,108.0,0.474,-0.0105,226.0,3.81
150,M,2012-03-15 08:12:00,11433,1.11e+22,44.5,79.7,0.352,-0.00873,175.0,3.2
151,M,2012-03-17 20:36:00,11434,4.31e+21,44.7,138.0,-0.165,0.0163,112.0,4.02
152,M,2012-03-23 19:24:00,11445,1.43e+22,38.9,76.7,0.675,-0.0037,68.5,4.34
153,M,2012-04-16 17:12:00,11461,1.29e+21,36.0,81.5,1.12,-0.0135,25.5,4.35
154,M,2012-04-27 08:12:00,11459,2.2e+22,27.4,59.6,-0.285,0.00136,41.8,3.69
155,M,2012-05-05 14:36:00,11471,1.67e+22,49.1,106.0,0.219,0.00873,226.0,4.27
156,M,2012-05-05 23:24:00,11476,5.6e+22,41.5,67.3,0.00924,-0.00382,271.0,4.58
157,M,2012-05-06 01:12:00,11476,5.92e+22,42.2,68.8,-0.0518,-0.0028,212.0,4.61
158,M,2012-05-06 17:36:00,11476,6.19e+22,43.3,73.3,-0.0685,-0.00708,567.0,4.72
159,M,2012-05-07 14:00:00,11476,5.97e+22,44.7,82.0,-0.143,-0.00976,764.0,4.86
160,M,2012-05-08 13:00:00,11476,5.37e+22,48.2,91.8,-0.00021,-0.011,820.0,5.01
161,M,2012-05-09 12:24:00,11476,5.19e+22,50.7,98.4,0.106,-0.0183,1320.0,5.09
162,M,2012-05-09 14:00:00,11476,5.21e+22,50.6,99.0,0.0715,-0.0198,1470.0,5.09
163,M,2012-05-09 21:00:00,11476,5.26e+22,51.5,102.0,0.0876,-0.0203,1500.0,5.08
164,M,2012-05-10 04:12:00,11476,5.19e+22,51.9,105.0,0.0979,-0.029,2140.0,5.12
165,M,2012-05-10 20:24:00,11476,4.89e+22,54.0,103.0,0.0711,-0.0327,2280.0,5.16
166,M,2012-05-17 01:24:00,11476,3.58e+22,37.9,55.8,-0.0807,-0.00215,120.0,3.86
167,M,2012-06-03 17:36:00,11496,5.9e+22,32.9,101.0,0.0236,-0.00183,174.0,4.16
168,M,2012-06-06 19:48:00,11494,1.08e+22,55.7,94.0,-0.0915,-0.00719,134.0,3.79
169,M,2012-06-09 11:24:00,11504,1.39e+22,40.1,84.0,0.0904,0.00791,148.0,3.69
170,M,2012-06-09 16:48:00,11504,1.68e+22,40.3,83.3,-0.124,0.00161,37.5,3.94
171,M,2012-06-10 06:36:00,11507,1.5e+22,28.8,104.0,0.191,0.00402,94.3,4.18
172,M,2012-06-13 23:24:00,11504,3.53e+22,58.2,90.5,0.129,0.00964,528.0,4.65
173,M,2012-06-14 12:36:00,11504,3.67e+22,59.3,90.6,0.0249,0.0137,810.0,4.86
174,M,2012-06-28 16:12:00,11513,1.86e+22,38.2,92.2,0.0562,-0.0101,288.0,4.24
175,M,2012-06-29 09:12:00,11513,2.62e+22,36.1,94.1,0.0912,-0.00659,276.0,4.26
176,M,2012-06-30 12:48:00,11515,3.37e+22,50.8,102.0,-0.113,-0.00325,167.0,4.73
177,M,2012-06-30 18:24:00,11513,2.03e+22,40.7,109.0,0.154,-0.00811,264.0,3.84
178,M,2012-07-01 19:12:00,11515,3.08e+22,54.5,102.0,-0.129,-0.0111,514.0,4.84
179,M,2012-07-02 00:24:00,11515,3.27e+22,54.6,98.5,-0.0872,-0.00982,513.0,4.77
180,M,2012-07-02 10:48:00,11513,2.54e+22,53.0,102.0,0.167,-0.00642,283.0,4.19
181,M,2012-07-02 20:00:00,11515,3.55e+22,56.7,101.0,-0.14,-0.0131,776.0,4.89
182,M,2012-07-02 23:48:00,11515,3.51e+22,57.2,98.1,-0.104,-0.00818,492.0,4.87
183,M,2012-07-04 04:24:00,11515,4.18e+22,55.7,105.0,-0.0565,-0.00646,438.0,5.09
184,M,2012-07-04 09:48:00,11515,4.15e+22,55.3,108.0,-0.143,-0.00686,440.0,5.17
185,M,2012-07-04 12:12:00,11515,4.26e+22,54.9,105.0,-0.159,-0.00837,569.0,5.14
186,M,2012-07-04 14:36:00,11515,4.37e+22,54.4,106.0,-0.107,-0.0083,567.0,5.19
187,M,2012-07-04 16:36:00,11515,4.5e+22,53.8,109.0,-0.133,-0.00928,630.0,5.21
188,M,2012-07-04 22:00:00,11515,4.83e+22,52.7,109.0,-0.146,-0.00486,345.0,5.25
189,M,2012-07-04 23:48:00,11515,4.86e+22,52.4,111.0,-0.135,-0.00551,380.0,5.21
190,M,2012-07-05 01:00:00,11515,4.9e+22,52.1,111.0,-0.126,-0.00596,413.0,5.18
191,M,2012-07-05 02:36:00,11519,7.72e+21,40.6,63.7,0.37,0.00976,112.0,4.03
192,M,2012-07-05 03:24:00,11519,7.47e+21,39.3,66.3,0.332,0.0106,112.0,4.03
193,M,2012-07-05 06:48:00,11519,7.91e+21,38.4,65.3,0.199,0.0113,134.0,3.76
194,M,2012-07-05 07:36:00,11515,5.28e+22,50.2,108.0,-0.0921,-0.0107,831.0,5.24
195,M,2012-07-05 10:48:00,11515,5.03e+22,50.5,110.0,-0.0981,-0.0114,807.0,5.19
196,M,2012-07-05 11:36:00,11520,9.26e+21,34.5,70.9,-0.00181,0.01,133.0,4.76
197,M,2012-07-05 13:00:00,11515,5.23e+22,49.1,110.0,-0.153,-0.0139,1020.0,5.2
198,M,2012-07-05 20:12:00,11520,1.69e+22,30.9,75.0,0.2,0.00807,210.0,4.38
199,M,2012-07-05 21:36:00,11515,5.91e+22,46.7,109.0,-0.158,-0.0176,1390.0,5.22
200,M,2012-07-06 01:48:00,11515,6.09e+22,46.9,106.0,-0.149,-0.0178,1440.0,5.19
201,M,2012-07-06 02:48:00,11515,6.05e+22,47.3,105.0,-0.0964,-0.0191,1540.0,5.19
202,M,2012-07-06 08:12:00,11515,6.65e+22,45.4,98.8,-0.0836,-0.0178,1590.0,5.27
203,M,2012-07-06 10:24:00,11520,6.42e+22,40.3,63.8,0.212,0.00677,626.0,4.84
204,M,2012-07-06 13:24:00,11515,6.66e+22,45.0,98.4,-0.107,-0.0192,1670.0,5.22
205,M,2012-07-06 18:48:00,11520,8.8e+22,40.7,68.8,0.0118,0.00502,614.0,4.5
206,M,2012-07-07 03:12:00,11515,7.63e+22,43.0,93.0,-0.0985,-0.0182,1730.0,5.07
207,M,2012-07-07 08:24:00,11515,7.92e+22,42.6,87.6,-0.0784,-0.0144,1460.0,5.04
208,M,2012-07-07 11:00:00,11515,7.64e+22,41.8,87.9,-0.159,-0.0162,1520.0,5.08
209,M,2012-07-08 05:36:00,11515,7.78e+22,40.4,80.7,-0.0696,-0.00217,213.0,4.75
210,M,2012-07-08 09:48:00,11515,7.66e+22,40.6,76.3,-0.156,-0.00151,148.0,4.85
211,M,2012-07-08 12:12:00,11515,7.16e+22,41.0,77.0,-0.111,-0.00136,123.0,4.83
212,M,2012-07-08 16:24:00,11520,1.06e+23,44.4,87.2,0.098,0.0114,1740.0,5.13
213,M,2012-07-09 23:00:00,11520,1.1e+23,49.2,96.5,0.208,0.0105,1730.0,5.25
214,M,2012-07-10 05:00:00,11520,1.06e+23,50.2,97.2,0.165,0.0119,1940.0,5.25
215,M,2012-07-10 06:00:00,11520,1.03e+23,50.0,99.1,0.102,0.013,1980.0,5.25
216,M,2012-07-14 04:48:00,11520,1.02e+23,48.4,96.9,0.0913,0.00606,917.0,5.11
217,M,2012-07-17 12:00:00,11520,8.78e+22,36.2,66.7,-0.0982,0.00694,859.0,5.02
218,M,2012-07-19 04:00:00,11520,2.39e+21,24.9,50.8,-0.494,0.0012,6.14,4.8
219,M,2012-07-27 17:12:00,11532,8.71e+22,35.6,85.8,0.0294,-0.00218,270.0,4.56
220,M,2012-07-28 20:48:00,11536,7.31e+22,37.9,99.0,-0.0434,-0.00259,266.0,4.74
221,M,2012-07-29 06:12:00,11536,7.15e+22,38.6,101.0,-0.0166,6.64e-05,6.72,4.8
222,M,2012-07-30 15:36:00,11535,2.16e+22,37.5,74.4,0.043,-0.00304,88.8,4.07
223,M,2012-08-06 04:36:00,11542,0.0,0.0,0.0,0.0,0.0,0.0,3.87
224,M,2012-08-11 11:48:00,11540,4e+22,29.8,101.0,-0.0447,-0.00154,94.9,4.24
225,M,2012-08-17 21:24:00,11548,0.0,0.0,0.0,0.0,0.0,0.0,4.57
226,M,2012-08-17 21:24:00,11548,0.0,0.0,0.0,0.0,0.0,0.0,4.57
227,M,2012-08-18 00:24:00,11548,1.45e+21,35.5,71.7,-0.238,-0.000725,1.45,3.93
228,M,2012-08-18 03:12:00,11548,3.77e+21,32.9,72.3,0.446,0.00386,19.0,4.62
229,M,2012-08-18 16:00:00,11548,1.4e+22,32.2,80.4,-0.197,-0.00193,36.9,4.14
230,M,2012-08-18 22:48:00,11548,1.55e+22,32.4,77.5,-0.0143,0.0023,51.6,4.2
231,M,2012-08-18 23:00:00,11548,1.57e+22,32.1,77.0,-0.0359,0.00263,60.4,4.14
232,M,2012-08-30 11:48:00,11563,6.48e+21,40.7,86.3,0.144,0.00641,51.3,3.36
233,M,2012-09-06 04:00:00,11560,2.24e+22,32.8,89.9,-0.0608,-0.00906,293.0,3.93
234,M,2012-09-08 17:36:00,11564,4.41e+22,36.3,107.0,-0.164,-0.000644,44.2,4.24
235,M,2012-09-09 21:48:00,11564,5.41e+22,29.8,92.0,-0.131,0.00133,106.0,3.8
236,M,2012-09-30 04:12:00,11583,4.9e+22,36.4,84.1,-0.225,-0.00179,124.0,4.32
237,M,2012-10-08 22:12:00,11589,0.0,0.0,0.0,0.0,0.0,0.0,4.76
238,M,2012-10-08 23:48:00,11589,1.38e+20,49.1,49.6,-0.596,0.00233,0.663,4.66
239,M,2012-10-08 23:48:00,11589,1.38e+20,49.1,49.6,-0.596,0.00233,0.663,4.66
240,M,2012-10-20 18:00:00,11598,1.17e+19,44.7,79.4,-0.713,-0.00802,0.393,4.75
241,M,2012-10-21 19:48:00,11593,7.28e+21,38.9,132.0,1.02,-0.0087,115.0,3.41
242,M,2012-10-22 23:24:00,11593,6.9e+21,32.2,137.0,0.629,-0.00902,98.9,2.47
243,M,2012-11-08 02:12:00,11610,1.38e+22,28.3,97.2,0.0947,0.00496,92.0,3.42
244,M,2012-11-11 02:12:00,11613,4.86e+21,55.0,60.4,0.129,0.00942,60.4,3.79
245,M,2012-11-12 23:12:00,11614,4.27e+22,33.9,84.5,-0.031,0.00222,139.0,4.19
246,M,2012-11-13 02:00:00,11614,4.14e+22,34.2,88.3,-0.156,0.0024,144.0,4.18
247,M,2012-11-13 05:48:00,11613,1.77e+22,37.4,102.0,0.339,0.0287,766.0,4.34
248,M,2012-11-13 20:48:00,11614,3.43e+22,38.2,97.5,-0.0664,0.0036,185.0,4.21
249,M,2012-11-14 04:00:00,11614,3.1e+22,39.5,104.0,0.0251,0.00352,164.0,4.27
250,M,2012-11-20 12:36:00,11618,1.55e+22,52.1,122.0,0.25,-0.0129,324.0,4.67
251,M,2012-11-20 19:24:00,11618,1.6e+22,51.9,125.0,0.299,-0.019,457.0,4.7
252,M,2012-11-21 06:48:00,11618,1.82e+22,56.3,114.0,0.394,-0.0161,477.0,4.77
253,M,2012-11-21 15:00:00,11618,1.92e+22,58.2,108.0,0.404,-0.0108,372.0,4.85
254,M,2012-11-27 15:48:00,11620,2.73e+22,48.8,110.0,-0.188,0.00252,96.9,4.79
255,M,2012-11-27 21:00:00,11620,2.9e+22,48.5,102.0,-0.0865,0.00362,155.0,4.75
256,M,2012-11-28 21:24:00,11625,2.88e+22,40.6,76.8,-0.036,-0.00062,24.4,4.3
257,M,2013-01-05 09:24:00,11653,0.0,0.0,0.0,0.0,0.0,0.0,3.89
258,M,2013-01-11 08:48:00,11652,2.35e+22,41.6,123.0,0.412,-0.0128,452.0,4.2
259,M,2013-01-11 14:48:00,11654,5.42e+22,52.1,88.4,-0.00339,-0.00282,220.0,5.17
260,M,2013-01-13 00:48:00,11657,4.23e+20,30.4,143.0,0.547,0.00425,2.9,0.0
261,M,2013-01-13 08:36:00,11657,3.03e+20,29.9,155.0,2.03,-8.25e-05,0.0377,0.0
262,M,2013-02-17 15:36:00,11675,6.29e+21,52.0,131.0,0.0215,0.0499,481.0,4.33
263,M,2013-03-05 08:12:00,11686,1.29e+22,38.7,78.3,0.0748,0.00554,106.0,3.92
264,M,2013-03-15 05:48:00,11696,7.47e+21,56.6,92.8,-0.124,-0.00249,30.2,3.06
265,M,2013-03-21 21:36:00,11692,2.92e+22,36.5,61.5,-0.135,0.00121,50.7,4.69
266,M,2013-04-05 17:36:00,11718,2.21e+21,41.5,112.0,-0.104,-0.00313,11.4,2.95
267,M,2013-04-11 07:00:00,11718,2.3e+22,49.2,100.0,0.293,-0.00439,154.0,4.48
268,M,2013-04-12 19:48:00,11724,4.3e+20,52.2,47.4,1.46,0.00109,0.974,3.65
269,M,2013-04-22 10:24:00,11726,3.08e+22,55.1,107.0,0.109,0.0216,902.0,4.99
270,M,2013-05-02 05:00:00,11731,2.38e+22,46.6,117.0,-0.0351,0.00557,231.0,4.58
271,M,2013-05-03 16:36:00,11739,1.78e+22,32.7,69.5,0.0793,0.0117,286.0,3.83
272,M,2013-05-03 17:24:00,11739,1.77e+22,33.0,73.0,0.0224,0.00951,233.0,3.91
273,M,2013-05-05 17:36:00,11739,2.36e+22,35.1,105.0,0.0155,0.0159,578.0,4.55
274,M,2013-05-10 06:36:00,11745,0.0,0.0,0.0,0.0,0.0,0.0,5.0
275,M,2013-05-10 12:24:00,11745,1.31e+21,24.6,41.7,-0.692,0.00237,5.55,4.62
276,M,2013-05-13 05:36:00,11748,0.0,0.0,0.0,0.0,0.0,0.0,4.59
277,M,2013-05-13 05:36:00,11748,0.0,0.0,0.0,0.0,0.0,0.0,4.59
278,M,2013-05-13 12:00:00,11748,1.06e+21,38.4,109.0,-1.31,0.00908,13.1,4.2
279,M,2013-05-16 21:36:00,11748,2.23e+22,38.8,103.0,-0.0884,-0.0178,594.0,4.51
280,M,2013-05-17 08:48:00,11752,3.09e+21,37.8,151.0,-0.332,-0.024,96.9,3.48
281,M,2013-05-20 05:00:00,11755,1.81e+22,29.9,68.5,-0.195,0.00114,27.1,4.82
282,M,2013-05-22 13:00:00,11745,1.8e+22,28.2,68.1,-0.16,-0.0022,60.1,3.31
283,M,2013-05-31 19:36:00,11760,4.97e+21,30.5,119.0,-0.484,-0.005,39.7,3.6
284,M,2013-06-05 08:00:00,11762,3.41e+22,37.6,90.7,-0.269,0.0112,558.0,4.46
285,M,2013-06-07 22:00:00,11762,1.44e+22,40.3,51.7,-0.0275,0.000743,15.3,4.05
286,M,2013-06-21 02:24:00,11777,1.4e+22,42.2,63.1,-0.305,0.015,292.0,3.85
287,M,2013-06-23 20:48:00,11775,6.5e+22,33.5,91.2,-0.0682,-0.000215,21.0,4.31
288,M,2013-07-03 07:00:00,11787,6.34e+22,40.3,77.6,-0.00811,0.00732,627.0,4.62
289,M,2013-08-12 10:12:00,11817,1.69e+22,47.6,110.0,0.319,-0.0159,432.0,4.44
290,M,2013-08-17 18:12:00,11818,1.46e+22,51.1,96.3,-0.202,0.0293,632.0,4.45
291,M,2013-08-17 18:36:00,11818,1.46e+22,50.4,99.7,-0.0714,0.0369,776.0,4.47
292,M,2013-10-09 01:24:00,11865,2.88e+22,36.9,80.7,0.094,0.0097,365.0,4.31
293,M,2013-10-11 06:12:00,11865,2.3e+22,38.6,103.0,0.0458,0.0161,546.0,4.51
294,M,2013-10-13 00:12:00,11865,2.05e+22,45.4,116.0,0.12,0.0209,668.0,4.56
295,M,2013-10-15 08:24:00,11865,1.6e+22,43.5,121.0,0.266,0.014,369.0,4.35
296,M,2013-10-15 23:36:00,11861,1.51e+22,39.4,124.0,0.139,0.0117,274.0,4.12
297,M,2013-10-17 15:00:00,11861,3.82e+22,43.3,84.7,-0.153,-0.00359,180.0,4.7
298,M,2013-10-22 00:12:00,11875,2.53e+22,50.5,110.0,0.377,-0.00902,392.0,4.77
299,M,2013-10-22 14:48:00,11875,2.64e+22,55.2,109.0,0.348,-0.00271,126.0,4.92
300,M,2013-10-22 21:12:00,11875,2.92e+22,57.0,108.0,0.198,-0.00558,283.0,4.85
301,M,2013-10-23 20:36:00,11877,3.45e+22,50.5,100.0,0.27,0.0123,682.0,4.66
302,M,2013-10-23 23:36:00,11875,3.43e+22,58.5,103.0,0.261,-0.0102,564.0,4.95
303,M,2013-10-24 00:00:00,11875,3.43e+22,58.4,103.0,0.322,-0.0107,593.0,4.96
304,M,2013-10-24 00:24:00,11875,3.43e+22,58.4,103.0,0.326,-0.0102,562.0,4.96
305,M,2013-10-24 10:00:00,11882,4.14e+21,50.7,49.2,-0.0624,0.00126,7.45,4.43
306,M,2013-10-24 10:24:00,11875,3.47e+22,56.7,100.0,0.232,-0.00855,485.0,4.94
307,M,2013-10-25 02:48:00,11875,3.7e+22,54.5,104.0,0.224,-0.0125,697.0,4.98
308,M,2013-10-25 09:48:00,11882,1.8e+22,43.8,81.9,-0.0169,0.00726,167.0,4.41
309,M,2013-10-25 17:00:00,11882,2e+22,43.9,82.6,-0.097,-0.0191,521.0,4.46
310,M,2013-10-25 19:00:00,11882,1.94e+22,45.1,82.7,-0.0788,-0.0192,502.0,4.55
311,M,2013-10-25 21:00:00,11875,3.96e+22,50.7,102.0,0.227,-0.0137,781.0,4.86
312,M,2013-10-26 06:00:00,11882,1.97e+22,46.7,82.9,-0.00552,-0.0177,505.0,4.63
313,M,2013-10-26 09:12:00,11882,1.79e+22,46.6,87.0,-0.019,-0.0227,555.0,4.66
314,M,2013-10-26 10:48:00,11875,4.33e+22,46.1,96.7,0.215,-0.0134,861.0,4.77
315,M,2013-10-26 19:24:00,11875,4.95e+22,43.7,95.2,0.16,-0.0108,767.0,4.74
316,M,2013-10-26 19:48:00,11882,1.93e+22,48.3,92.8,-0.0669,-0.0277,728.0,4.58
317,M,2013-10-27 12:36:00,11877,3.49e+22,45.6,98.2,0.0504,0.00764,437.0,4.56
318,M,2013-10-28 04:36:00,11877,3.85e+22,40.9,97.1,0.0621,0.00814,490.0,4.52
319,M,2013-10-28 11:36:00,11882,1.88e+22,57.0,91.3,-0.14,-0.00908,271.0,4.66
320,M,2013-10-28 14:00:00,11882,1.82e+22,56.7,94.1,-0.103,-0.00797,228.0,4.72
321,M,2013-10-28 14:48:00,11882,1.84e+22,56.6,94.5,0.0114,-0.00874,258.0,4.69
322,M,2013-10-28 15:12:00,11875,6.58e+22,41.9,69.0,0.092,-0.0108,943.0,4.47
323,M,2013-10-28 20:48:00,11875,6.78e+22,43.1,66.7,-0.013,-0.00439,415.0,4.38
324,M,2013-10-31 13:36:00,11885,3.21e+22,51.5,97.5,0.139,0.006,308.0,4.62
325,M,2013-11-01 19:48:00,11884,2.97e+22,52.4,101.0,0.135,0.00395,203.0,4.49
326,M,2013-11-02 22:12:00,11884,2.53e+22,49.7,107.0,0.102,0.00855,351.0,4.25
327,M,2013-11-03 05:12:00,11884,2.59e+22,47.3,109.0,0.401,0.0074,314.0,4.16
328,M,2013-11-05 08:12:00,11890,6.65e+22,45.0,90.3,-0.094,0.0136,1280.0,5.02
329,M,2013-11-05 18:12:00,11890,6.24e+22,45.3,93.8,-0.0556,0.012,1070.0,5.1
330,M,2013-11-06 13:36:00,11891,2.42e+21,51.9,129.0,0.0338,0.00293,13.8,2.99
331,M,2013-11-06 23:48:00,11890,5.11e+22,50.7,98.1,0.0351,0.0068,535.0,4.92
332,M,2013-11-07 03:36:00,11891,5.97e+21,54.6,121.0,0.0995,0.0172,179.0,3.98
333,M,2013-11-07 14:12:00,11890,4.39e+22,53.0,101.0,-0.0126,0.0105,722.0,4.78
334,M,2013-11-08 09:24:00,11890,3.87e+22,54.9,101.0,0.129,0.00971,635.0,4.54
335,M,2013-11-11 10:48:00,11897,5.57e+22,40.2,64.4,-0.115,0.0108,802.0,4.64
336,M,2013-11-13 15:00:00,11899,3.79e+22,45.8,57.1,0.0717,-0.00435,231.0,4.06
337,M,2013-11-15 02:24:00,11893,2.05e+22,55.5,106.0,0.111,-0.00645,213.0,4.36
338,M,2013-11-16 04:48:00,11900,2.69e+22,49.9,111.0,0.122,0.00239,104.0,4.8
339,M,2013-11-16 07:48:00,11900,2.8e+22,49.6,115.0,-0.149,0.00519,221.0,4.9
340,M,2013-11-17 05:00:00,11900,4.1e+22,42.8,108.0,-0.0384,0.00644,372.0,4.96
341,M,2013-11-21 10:48:00,11904,4.02e+22,50.5,93.1,0.0794,-0.00849,494.0,4.56
342,M,2013-11-23 02:24:00,11904,5.75e+22,39.8,85.7,-0.257,-0.00566,440.0,4.34
343,M,2013-11-23 12:48:00,11904,5.92e+22,38.0,78.5,-0.195,-0.00411,337.0,4.27
344,M,2013-12-07 07:00:00,11909,1.68e+22,31.7,98.1,-0.0609,-0.00167,43.7,3.77
345,M,2013-12-19 23:12:00,11928,2.83e+22,52.6,111.0,0.08,0.00386,167.0,4.5
346,M,2013-12-20 11:36:00,11928,3.19e+22,48.4,113.0,0.0461,0.00816,383.0,4.61
347,M,2013-12-22 08:00:00,11928,4.63e+22,39.9,92.7,-0.0988,-0.00611,388.0,4.89
348,M,2013-12-22 08:36:00,11934,4.48e+22,38.6,91.9,0.107,-0.000628,44.5,4.29
349,M,2013-12-22 14:24:00,11928,4.28e+22,39.4,96.5,-0.235,-0.00504,277.0,4.86
350,M,2013-12-22 15:00:00,11928,4.29e+22,39.6,96.2,-0.236,-0.00475,260.0,4.9
351,M,2013-12-22 21:24:00,11928,4.51e+22,39.8,94.7,-0.116,-0.00635,367.0,4.79
352,M,2013-12-22 23:48:00,11928,4.53e+22,39.7,93.4,-0.0678,-0.00491,285.0,4.78
353,M,2013-12-23 09:00:00,11928,4.16e+22,38.6,85.7,-0.0245,-0.0054,299.0,4.7
354,M,2013-12-29 07:36:00,11936,1.53e+22,49.1,128.0,0.376,-0.00588,147.0,4.46
355,M,2013-12-31 21:48:00,11936,3.43e+22,47.8,113.0,0.0602,-0.00305,162.0,4.56
356,M,2014-01-01 18:36:00,11944,5.63e+22,45.3,60.5,0.128,0.00866,665.0,4.98
357,M,2014-01-02 02:24:00,11944,7.76e+22,43.8,68.0,0.152,0.00919,935.0,4.81
358,M,2014-01-02 22:12:00,11944,1.12e+23,40.9,74.6,0.0241,0.00908,1270.0,4.9
359,M,2014-01-03 12:36:00,11944,1.1e+23,42.8,80.9,-0.00745,0.00931,1340.0,4.98
360,M,2014-01-03 21:12:00,11936,4.43e+22,34.2,74.8,-0.0966,0.000524,32.4,4.36
361,M,2014-01-04 10:12:00,11936,1.58e+22,27.6,72.5,-0.179,-0.00252,62.3,4.75
362,M,2014-01-04 18:48:00,11936,4.06e+21,26.4,72.8,-0.49,-0.00693,43.7,3.76
363,M,2014-01-04 22:00:00,11936,2.47e+21,27.9,71.7,-0.572,-0.0103,35.4,4.39
364,M,2014-01-07 03:48:00,11944,8.54e+22,56.0,90.0,0.22,0.0152,2020.0,4.91
365,M,2014-01-07 10:12:00,11944,8.07e+22,56.7,89.8,0.189,0.0157,2020.0,4.93
366,M,2014-01-08 03:24:00,11947,4.5e+21,31.4,88.8,-0.282,-0.000403,2.72,3.98
367,M,2014-01-13 21:48:00,11944,5.86e+22,36.2,65.9,-0.114,0.00724,642.0,4.5
368,M,2014-01-27 01:00:00,11967,5.68e+19,18.4,90.0,-2.49,0.000168,0.0293,0.0
369,M,2014-01-27 02:00:00,11967,1.42e+20,22.8,39.7,0.465,0.00133,0.48,0.0
370,M,2014-01-27 22:00:00,11967,2.79e+22,43.9,64.3,0.225,0.0115,456.0,0.0
371,M,2014-01-28 04:00:00,11967,4.99e+22,42.9,77.0,-0.0135,0.0052,351.0,0.0
372,M,2014-01-28 07:24:00,11967,6.53e+22,44.4,73.9,0.0281,-0.0104,838.0,0.0
373,M,2014-01-28 11:36:00,11967,7.27e+22,44.0,70.3,-0.144,0.00074,66.8,0.0
374,M,2014-01-28 12:36:00,11967,7.35e+22,43.9,70.3,-0.11,-0.000593,54.4,0.0
375,M,2014-01-28 19:00:00,11967,8.4e+22,42.8,71.4,0.00799,-0.000959,103.0,0.0
376,M,2014-01-28 22:00:00,11967,8.42e+22,42.0,80.0,-0.0132,0.00238,241.0,0.0
377,M,2014-01-30 06:36:00,11967,8.54e+22,42.9,91.2,0.0248,-0.00211,230.0,0.0
378,M,2014-01-30 08:00:00,11967,8.74e+22,42.8,89.4,0.0718,-0.00296,351.0,5.22
379,M,2014-01-30 17:00:00,11967,8.2e+22,43.8,92.7,-0.0482,-0.00345,405.0,5.2
380,M,2014-01-31 15:36:00,11968,2.63e+22,38.8,108.0,-0.0219,0.000847,35.7,4.14
381,M,2014-02-01 01:24:00,11968,2.55e+22,41.2,113.0,0.0674,-0.00329,139.0,4.09
382,M,2014-02-01 07:12:00,11968,2.33e+22,42.2,118.0,0.131,-0.00705,258.0,4.33
383,M,2014-02-02 06:24:00,11967,7.56e+22,53.9,102.0,0.183,-0.0226,2350.0,5.48
384,M,2014-02-02 07:12:00,11967,7.47e+22,53.7,104.0,0.274,-0.0212,2090.0,5.48
385,M,2014-02-02 09:24:00,11967,7.3e+22,54.7,101.0,0.198,-0.0213,2190.0,5.43
386,M,2014-02-02 14:00:00,11968,2.43e+22,51.0,111.0,0.359,-0.0112,477.0,4.65
387,M,2014-02-02 16:24:00,11967,7.31e+22,54.8,99.9,0.235,-0.0209,2190.0,5.38
388,M,2014-02-02 18:00:00,11968,2.37e+22,52.6,110.0,0.173,-0.0094,381.0,4.71
389,M,2014-02-02 21:24:00,11967,7.52e+22,55.6,100.0,0.193,-0.0225,2370.0,5.45
390,M,2014-02-04 01:12:00,11967,7.29e+22,55.2,101.0,0.268,-0.029,2760.0,5.33
391,M,2014-02-04 04:00:00,11967,7.26e+22,54.9,103.0,0.331,-0.0291,2740.0,5.34
392,M,2014-02-04 09:36:00,11967,7.19e+22,54.5,105.0,0.191,-0.0271,2570.0,5.38
393,M,2014-02-04 15:24:00,11967,7.12e+22,53.8,104.0,0.349,-0.0231,2280.0,5.37
394,M,2014-02-05 16:12:00,11967,7.76e+22,47.5,107.0,0.153,-0.0161,1650.0,5.32
395,M,2014-02-06 23:00:00,11967,9.57e+22,38.8,94.3,0.0837,-0.0124,1640.0,5.13
396,M,2014-02-07 04:48:00,11968,6.28e+22,39.1,85.8,-0.106,-0.0102,926.0,4.69
397,M,2014-02-07 10:12:00,11968,6.1e+22,38.6,85.8,-0.151,-0.00605,511.0,4.64
398,M,2014-02-09 15:36:00,11974,1.82e+22,46.0,112.0,-0.0228,0.00617,183.0,3.99
399,M,2014-02-11 03:24:00,11974,2.01e+22,56.4,111.0,0.0382,-0.0133,459.0,4.72
400,M,2014-02-11 16:36:00,11974,2.31e+22,58.0,108.0,0.14,-0.00307,131.0,4.86
401,M,2014-02-12 03:48:00,11974,2.61e+22,58.2,116.0,0.237,-0.00743,341.0,4.93
402,M,2014-02-12 06:48:00,11974,2.63e+22,58.0,113.0,0.172,-0.00659,314.0,4.96
403,M,2014-02-12 16:12:00,11974,2.8e+22,58.7,112.0,0.0807,0.00221,113.0,5.06
404,M,2014-02-13 01:36:00,11974,3.23e+22,57.4,115.0,0.236,0.00113,61.3,5.03
405,M,2014-02-13 02:36:00,11974,3.24e+22,56.9,115.0,0.145,-0.00124,66.8,5.1
406,M,2014-02-13 05:48:00,11974,3.27e+22,57.3,114.0,0.124,0.00383,207.0,5.06
407,M,2014-02-13 08:00:00,11974,3.41e+22,56.8,114.0,0.0771,0.00106,60.7,5.12
408,M,2014-02-13 15:48:00,11974,3.53e+22,56.5,109.0,0.0723,-0.000882,52.2,5.16
409,M,2014-02-14 02:36:00,11974,4.2e+22,55.7,108.0,0.23,4.21e-05,2.98,5.21
410,M,2014-02-14 12:24:00,11977,2.31e+22,46.0,97.9,-0.0364,0.00428,157.0,4.27
411,M,2014-02-14 13:24:00,11973,6.31e+21,25.9,96.7,-0.11,-0.00514,51.8,2.89
412,M,2014-02-14 16:36:00,11973,6.31e+21,24.7,97.1,-0.132,-0.00519,50.2,3.11
413,M,2014-02-16 09:12:00,11977,1.59e+22,54.4,108.0,0.375,0.0077,223.0,4.25
414,M,2014-02-20 07:12:00,11976,1.7e+22,36.3,66.3,-0.399,0.00271,66.6,4.1
415,M,2014-02-23 05:48:00,11982,4.31e+22,56.5,103.0,0.0986,0.00128,97.1,4.52
416,M,2014-02-24 11:00:00,11990,1.47e+22,27.3,66.9,-0.179,-0.00212,47.4,0.0
417,M,2014-02-24 12:00:00,11990,1.71e+22,30.3,72.1,-0.138,0.00187,47.7,0.0
418,M,2014-02-26 14:48:00,11984,7.46e+22,37.1,102.0,-0.131,-0.00265,301.0,4.8
419,M,2014-02-28 00:48:00,11982,7.53e+22,30.0,74.2,-0.0828,-0.00217,249.0,4.15
420,M,2014-03-01 13:12:00,11982,1.94e+22,30.6,68.1,-0.167,0.000294,8.91,0.0
421,M,2014-03-02 23:12:00,11989,4.06e+22,37.4,114.0,0.258,-0.00209,141.0,4.3
422,M,2014-03-03 15:48:00,11989,4.15e+22,34.6,114.0,0.154,0.00139,89.6,4.49
423,M,2014-03-05 02:00:00,11991,1.57e+22,51.2,116.0,0.309,-0.0254,641.0,4.46
424,M,2014-03-08 23:24:00,12002,9.43e+21,32.7,92.8,-0.0795,-0.0118,145.0,3.76
425,M,2014-03-09 13:48:00,12002,1.22e+22,37.1,109.0,-0.101,-0.0207,340.0,4.34
426,M,2014-03-09 20:12:00,12002,1.45e+22,37.9,114.0,-0.165,-0.0168,314.0,4.51
427,M,2014-03-10 00:24:00,11996,2.12e+22,39.3,102.0,-0.2,-0.00185,63.7,4.33
428,M,2014-03-10 04:00:00,11996,2.38e+22,39.0,105.0,-0.336,-0.00387,145.0,4.37
429,M,2014-03-10 15:24:00,11996,2.78e+22,36.8,104.0,-0.28,-0.00864,331.0,4.49
430,M,2014-03-10 22:48:00,11996,3.28e+22,37.2,88.7,-0.11,-0.00673,319.0,4.53
431,M,2014-03-11 03:48:00,11991,5.42e+21,35.0,60.1,0.168,-0.00355,30.5,0.0
432,M,2014-03-11 12:00:00,11996,3.57e+22,37.0,87.6,-0.19,-0.00751,366.0,4.53
433,M,2014-03-12 11:00:00,11996,3.54e+22,37.7,71.8,-0.124,-0.00525,249.0,4.49
434,M,2014-03-12 22:24:00,11996,2.98e+22,32.0,65.0,0.00905,-0.00085,35.4,0.0
435,M,2014-03-13 18:24:00,11996,2.98e+20,21.7,47.7,-0.0762,-0.00198,0.961,0.0
436,M,2014-03-20 03:36:00,12014,2.52e+22,35.4,76.4,-0.18,-0.00461,170.0,4.09
437,M,2014-03-22 07:00:00,12017,5.63e+21,33.1,86.8,-0.298,0.00631,48.0,3.58
438,M,2014-03-28 19:00:00,12010,2.81e+22,30.1,78.7,-0.14,0.00209,81.4,4.1
439,M,2014-03-28 23:48:00,12010,2.92e+22,30.2,71.3,-0.0502,-0.00111,46.8,0.0
440,M,2014-03-30 11:48:00,12014,3.14e+22,32.5,77.6,-0.178,-0.000511,22.9,4.13
441,M,2014-03-31 07:12:00,12014,3.07e+22,32.6,62.6,-0.124,0.00131,59.0,3.92
442,M,2014-04-02 13:12:00,12030,2.54e+22,37.7,89.8,0.116,-0.00699,263.0,4.15
443,M,2014-04-16 20:00:00,12037,2.75e+22,59.4,94.6,0.0538,0.00342,162.0,4.66
444,M,2014-04-18 12:36:00,12034,2.51e+22,50.4,95.1,0.0532,-0.00243,92.7,4.2
445,M,2014-05-06 08:36:00,12055,5.99e+22,43.2,61.1,-0.112,-0.00181,152.0,0.0
446,M,2014-05-06 22:00:00,12055,8.03e+22,43.2,66.6,-0.0178,0.00195,221.0,0.0
447,M,2014-05-07 16:12:00,12056,8.16e+22,43.8,69.7,-0.0381,-0.000946,116.0,4.8
448,M,2014-05-08 09:48:00,12056,8.5e+22,43.1,78.3,-0.0256,0.00023,29.0,4.79
449,M,2014-05-24 18:24:00,12065,3.62e+22,35.8,105.0,-0.00766,0.00387,197.0,4.42
450,M,2014-06-11 05:24:00,12085,6.82e+22,48.6,94.9,0.00333,0.00417,431.0,4.85
451,M,2014-06-11 08:00:00,12089,2.03e+21,44.3,159.0,-0.266,0.0177,55.2,3.7
452,M,2014-06-11 20:48:00,12087,3.99e+22,37.0,79.9,0.315,0.0241,1360.0,0.0
453,M,2014-06-12 04:12:00,12089,3.32e+21,52.2,133.0,-0.137,0.0102,60.9,3.84
454,M,2014-06-12 09:24:00,12087,4.29e+22,37.6,83.9,0.233,0.0231,1520.0,0.0
455,M,2014-06-12 10:12:00,12085,8.87e+22,43.4,89.3,-0.159,0.00262,322.0,5.0
456,M,2014-06-12 18:00:00,12087,4e+22,37.7,89.2,0.184,0.0275,1690.0,0.0
457,M,2014-06-12 20:00:00,12087,3.74e+22,37.7,96.9,0.22,0.034,1840.0,0.0
458,M,2014-06-12 21:00:00,12085,1.03e+23,41.1,87.1,-0.146,0.00118,163.0,4.98
459,M,2014-06-12 21:36:00,12087,3.73e+22,37.8,96.7,0.293,0.034,1820.0,0.0
460,M,2014-06-13 07:48:00,12087,3.52e+22,38.1,97.3,0.249,0.0256,1410.0,0.0
461,M,2014-06-14 19:24:00,12082,1.93e+22,42.6,56.3,-0.236,0.000321,9.21,3.96
462,M,2014-06-15 11:12:00,12087,1.8e+22,40.8,107.0,0.733,0.0214,664.0,0.0
463,M,2014-06-15 23:36:00,12087,1.41e+22,41.7,111.0,1.06,0.026,599.0,0.0
464,M,2014-07-01 10:48:00,12106,5e+22,30.0,91.9,0.0546,-0.00136,110.0,4.24
465,M,2014-07-08 16:12:00,12113,2.11e+22,32.1,98.1,-0.0491,0.00278,87.1,4.2
466,M,2014-07-09 00:24:00,12106,3.64e+22,30.6,98.6,-0.13,-0.000307,17.7,3.58
467,M,2014-07-10 22:24:00,12109,3.42e+22,51.5,94.4,-0.109,-0.00782,381.0,4.69
468,M,2014-07-31 11:00:00,12130,5.76e+22,39.7,95.2,-0.177,0.00166,143.0,0.0
469,M,2014-08-01 14:48:00,12127,5.61e+22,42.5,104.0,-0.144,0.00222,189.0,4.69
470,M,2014-08-01 17:48:00,12127,6.02e+22,43.0,101.0,-0.0794,0.000908,90.3,4.7
471,M,2014-08-08 12:36:00,12132,3.86e+22,32.2,99.2,-0.0589,-0.000978,59.3,4.31
472,M,2014-08-08 12:36:00,12132,3.86e+22,32.2,99.2,-0.0589,-0.000978,59.3,4.31
473,M,2014-08-08 12:36:00,12132,3.86e+22,32.2,99.2,-0.0589,-0.000978,59.3,4.31
474,M,2014-08-08 12:36:00,12132,3.86e+22,32.2,99.2,-0.0589,-0.000978,59.3,4.31
475,M,2014-08-08 12:36:00,12132,3.86e+22,32.2,99.2,-0.0589,-0.000978,59.3,4.31
476,M,2014-08-08 12:36:00,12132,3.86e+22,32.2,99.2,-0.0589,-0.000978,59.3,4.31
477,M,2014-08-08 12:36:00,12132,3.86e+22,32.2,99.2,-0.0589,-0.000978,59.3,4.31
478,M,2014-10-07 01:36:00,12182,2.26e+22,32.6,123.0,0.359,0.000569,20.8,3.15
479,M,2014-10-07 01:36:00,12182,2.26e+22,32.6,123.0,0.359,0.000569,20.8,3.15
480,M,2014-10-07 01:36:00,12182,2.26e+22,32.6,123.0,0.359,0.000569,20.8,3.15
481,M,2014-10-07 01:36:00,12182,2.26e+22,32.6,123.0,0.359,0.000569,20.8,3.15
482,M,2014-10-07 01:36:00,12182,2.26e+22,32.6,123.0,0.359,0.000569,20.8,3.15
483,M,2014-10-07 01:36:00,12182,2.26e+22,32.6,123.0,0.359,0.000569,20.8,3.15
484,M,2014-10-07 01:36:00,12182,2.26e+22,32.6,123.0,0.359,0.000569,20.8,3.15
485,M,2014-10-07 01:36:00,12182,2.26e+22,32.6,123.0,0.359,0.000569,20.8,3.15
486,M,2014-10-07 01:36:00,12182,2.26e+22,32.6,123.0,0.359,0.000569,20.8,3.15
487,M,2014-10-09 01:36:00,12182,2.83e+22,38.4,119.0,-0.0499,7.23e-05,3.17,4.48
488,M,2014-10-09 02:00:00,12182,2.89e+22,37.1,121.0,0.038,-0.00262,114.0,4.41
489,M,2014-10-09 06:48:00,12182,2.94e+22,36.0,121.0,0.161,-0.00249,102.0,4.5
490,M,2014-10-16 09:12:00,12192,0.0,0.0,0.0,0.0,0.0,0.0,4.96
491,M,2014-10-16 09:12:00,12192,0.0,0.0,0.0,0.0,0.0,0.0,4.96
492,M,2014-10-16 13:00:00,12192,1.93e+21,23.6,53.2,-0.0949,-0.000434,1.35,5.07
493,M,2014-10-18 07:00:00,12192,1.27e+23,43.0,63.2,-0.0103,-0.00448,774.0,4.99
494,M,2014-10-20 09:00:00,12192,1.27e+23,47.1,90.9,0.0245,-0.00634,1080.0,5.19
495,M,2014-10-20 16:00:00,12192,1.35e+23,47.5,90.8,0.075,-0.00466,885.0,5.3
496,M,2014-10-20 19:00:00,12192,1.34e+23,47.6,94.4,0.052,-0.00565,1000.0,5.31
497,M,2014-10-20 19:48:00,12192,1.33e+23,47.9,95.4,0.00163,-0.00608,1060.0,5.35
498,M,2014-10-20 22:48:00,12192,1.38e+23,47.7,93.5,0.0916,-0.006,1140.0,5.34
499,M,2014-10-21 13:36:00,12192,1.27e+23,51.6,94.8,0.0616,-0.00586,1020.0,5.38
500,M,2014-10-22 01:12:00,12192,1.36e+23,52.2,95.5,0.168,-0.00358,682.0,5.45
501,M,2014-10-22 05:12:00,12192,1.33e+23,52.9,98.7,0.0934,-0.00422,749.0,5.46
502,M,2014-10-22 15:48:00,12192,1.35e+23,53.6,94.2,0.177,-0.00283,551.0,5.42
503,M,2014-10-23 09:48:00,12192,1.38e+23,54.5,95.3,0.139,-0.00288,573.0,5.41
504,M,2014-10-24 07:36:00,12192,1.44e+23,54.5,94.8,0.0414,-0.00263,553.0,5.33
505,M,2014-10-26 17:12:00,12192,1.9e+23,43.7,88.9,0.0249,0.000577,144.0,5.47
506,M,2014-10-26 18:12:00,12192,1.94e+23,43.5,87.1,0.0398,-5.95e-05,15.6,5.45
507,M,2014-10-26 18:48:00,12192,1.94e+23,43.4,87.2,0.0577,-0.000501,132.0,5.45
508,M,2014-10-26 20:00:00,12192,1.94e+23,43.4,89.5,0.0214,-0.000778,199.0,5.43
509,M,2014-10-27 00:00:00,12192,1.96e+23,42.8,85.5,-0.0186,0.000404,106.0,5.32
510,M,2014-10-27 01:48:00,12192,1.97e+23,42.4,86.4,-0.0374,0.000483,124.0,5.35
511,M,2014-10-27 03:36:00,12192,1.96e+23,42.1,86.8,-0.0113,-0.000549,139.0,5.37
512,M,2014-10-27 10:00:00,12192,1.95e+23,41.0,84.0,0.0463,-0.000655,168.0,5.33
513,M,2014-10-27 17:36:00,12192,2.04e+23,40.3,78.3,-0.0108,-0.0011,294.0,5.25
514,M,2014-10-28 02:12:00,12192,2.07e+23,40.1,75.6,-0.0583,0.000179,47.2,5.1
515,M,2014-10-28 03:24:00,12192,2.03e+23,39.8,76.6,-0.0635,8.71e-05,22.0,5.14
516,M,2014-10-28 13:48:00,12192,1.92e+23,40.2,69.8,-0.0157,0.00022,53.8,5.27
517,M,2014-10-29 06:00:00,12192,1.52e+23,44.0,62.9,-0.0596,-0.00122,235.0,5.35
518,M,2014-10-29 10:00:00,12192,1.34e+23,44.5,64.8,0.00367,-0.00284,472.0,5.54
519,M,2014-10-29 14:24:00,12192,1.11e+23,44.3,61.8,-0.0021,-0.00334,460.0,5.45
520,M,2014-10-29 16:12:00,12192,1.05e+23,45.0,59.2,-0.027,-0.00375,496.0,5.38
521,M,2014-10-29 18:48:00,12192,9.46e+22,45.2,58.9,-0.0561,-0.0019,225.0,5.28
522,M,2014-10-29 21:24:00,12192,8.53e+22,44.6,63.0,-0.0283,-0.00489,507.0,5.19
523,M,2014-10-30 00:36:00,12192,6.83e+22,44.2,66.1,0.0946,-0.00424,324.0,5.28
524,M,2014-10-30 01:24:00,12192,6.2e+22,44.5,64.5,0.133,-0.00808,555.0,5.27
525,M,2014-10-30 04:00:00,12192,4.12e+22,45.3,61.0,0.432,-0.00209,95.3,5.4
526,M,2014-11-03 13:00:00,12205,0.0,0.0,0.0,0.0,0.0,0.0,4.46
527,M,2014-11-03 22:12:00,12205,7.22e+21,43.1,48.8,0.0968,-0.00261,27.8,4.76
528,M,2014-11-04 08:00:00,12205,2.68e+22,36.0,64.8,0.0172,-0.00432,166.0,4.02
529,M,2014-11-04 08:48:00,12205,2.76e+22,34.9,58.3,0.0461,-0.00245,95.6,4.11
530,M,2014-11-05 09:24:00,12205,4.43e+22,36.0,75.0,-0.139,0.0135,813.0,4.56
531,M,2014-11-05 18:48:00,12205,4.91e+22,36.8,79.5,-0.00552,0.0159,1110.0,4.69
532,M,2014-11-06 01:24:00,12205,5.07e+22,36.0,86.5,-0.0595,0.0192,1300.0,4.8
533,M,2014-11-06 03:36:00,12205,4.73e+22,36.9,89.5,-0.122,0.024,1510.0,4.85
534,M,2014-11-06 21:48:00,12205,4.37e+22,38.3,101.0,0.00859,0.0291,1770.0,4.86
535,M,2014-11-07 02:00:00,12205,4.31e+22,39.1,101.0,-0.0403,0.0279,1710.0,4.87
536,M,2014-11-07 04:12:00,12205,3.98e+22,39.4,105.0,-0.0354,0.0329,1850.0,4.87
537,M,2014-11-07 10:12:00,12205,3.53e+22,41.2,105.0,0.0379,0.0273,1400.0,4.84
538,M,2014-11-09 15:24:00,12205,2.24e+22,51.0,106.0,0.399,0.0189,725.0,4.72
539,M,2014-11-15 11:36:00,12205,2.25e+22,28.5,77.8,-0.2,-0.00276,90.4,3.69
540,M,2014-11-15 20:36:00,12209,1.22e+23,36.8,93.0,0.0443,0.00468,774.0,4.89
541,M,2014-11-16 17:24:00,12209,1.19e+23,39.0,95.7,0.163,0.00391,712.0,4.92
542,M,2014-12-01 06:24:00,12223,3.56e+21,26.2,100.0,-0.167,0.00147,7.58,2.89
543,M,2014-12-04 08:00:00,12222,3.48e+22,52.8,98.3,-0.041,-0.00305,153.0,4.59
544,M,2014-12-04 18:00:00,12222,3.51e+22,50.3,98.2,0.0424,-0.00467,232.0,4.73
545,M,2014-12-04 19:36:00,12222,3.64e+22,49.2,96.7,0.00534,-0.00492,265.0,4.76
546,M,2014-12-05 11:24:00,12222,3.46e+22,47.4,97.1,-0.124,-0.00805,386.0,4.62
547,M,2014-12-13 05:12:00,12242,5.74e+22,31.5,106.0,0.245,0.00618,543.0,4.2
548,M,2014-12-14 19:24:00,12242,5.07e+22,39.8,116.0,0.277,-0.00116,91.5,4.71
549,M,2014-12-17 01:00:00,12242,6.87e+22,47.9,110.0,0.42,0.00408,454.0,4.95
550,M,2014-12-17 01:36:00,12242,6.87e+22,48.0,109.0,0.398,0.00472,529.0,4.95
551,M,2014-12-17 04:24:00,12241,3.13e+22,54.4,96.7,0.0979,0.0153,698.0,4.86
552,M,2014-12-17 18:48:00,12242,7.86e+22,45.4,111.0,0.402,0.0075,923.0,5.11
553,M,2014-12-18 21:36:00,12242,9.71e+22,42.8,105.0,0.274,0.00722,1100.0,5.14
554,M,2014-12-19 09:36:00,12242,1.01e+23,41.6,102.0,0.194,0.00615,965.0,5.18
555,M,2014-12-21 07:24:00,12242,9.36e+22,38.4,89.0,0.0553,0.00319,453.0,5.0
556,M,2014-12-21 11:24:00,12242,8.37e+22,38.6,92.5,-0.0248,0.00315,376.0,5.0
557,M,2014-12-22 01:24:00,12242,8.27e+22,36.8,84.3,-0.162,0.00474,566.0,4.75
558,M,2014-12-27 02:00:00,12248,1.95e+22,38.0,115.0,0.335,-0.0008,24.9,3.94
559,M,2015-01-03 09:36:00,12253,3.66e+22,56.5,89.9,0.0661,0.00556,331.0,4.92
560,M,2015-01-04 15:12:00,12253,3.18e+22,58.1,90.8,0.0389,0.00463,252.0,4.6
561,M,2015-01-22 04:36:00,12268,1.67e+22,47.7,53.2,-0.0963,-0.00349,77.9,4.82
562,M,2015-01-26 16:48:00,12268,2.98e+22,52.3,97.2,0.203,-0.00275,139.0,4.33
563,M,2015-01-28 04:24:00,12276,1.79e+22,29.7,106.0,-0.0245,0.00369,110.0,3.29
564,M,2015-01-28 23:12:00,12277,5.74e+22,32.4,72.4,0.00443,0.00163,127.0,4.9
565,M,2015-01-29 11:36:00,12277,7.11e+22,36.4,72.3,-0.164,0.0026,249.0,4.63
566,M,2015-01-30 00:36:00,12277,7.63e+22,35.7,77.0,-0.0869,9.99e-06,1.09,4.67
567,M,2015-01-30 05:24:00,12277,7.29e+22,35.2,83.6,-0.157,0.000532,53.3,4.73
568,M,2015-01-30 12:00:00,12277,6.53e+22,36.4,86.5,-0.195,0.000878,79.8,4.67
569,M,2015-02-04 02:00:00,12277,2.9e+22,45.8,123.0,0.412,-0.00283,136.0,3.87
570,M,2015-02-09 23:00:00,12282,2.91e+22,35.0,75.5,-0.0789,0.00217,94.0,4.13
571,M,2015-03-02 06:24:00,12290,4.23e+21,36.2,67.1,0.0448,-0.00695,36.1,4.75
572,M,2015-03-02 09:36:00,12290,7.66e+20,23.0,55.5,0.45,0.00166,2.22,5.19
573,M,2015-03-02 14:24:00,12290,1.69e+19,23.0,71.7,0.617,-0.00205,0.148,4.06
574,M,2015-03-02 14:24:00,12290,1.69e+19,23.0,71.7,0.617,-0.00205,0.148,4.06
575,M,2015-03-02 14:24:00,12290,1.69e+19,23.0,71.7,0.617,-0.00205,0.148,4.06
576,M,2015-03-05 23:24:00,12297,0.0,0.0,0.0,0.0,0.0,0.0,5.1
577,M,2015-03-06 04:12:00,12297,5.27e+19,20.2,52.5,0.342,0.00553,0.536,5.16
578,M,2015-03-06 06:24:00,12297,1.09e+21,42.3,52.8,-0.63,0.0194,31.3,5.05
579,M,2015-03-07 21:48:00,12297,3.57e+22,36.3,76.4,-0.000775,0.0165,825.0,4.34
580,M,2015-03-09 14:24:00,12297,2.79e+22,42.2,99.3,-0.084,0.0238,974.0,4.67
581,M,2015-03-09 23:24:00,12297,2.99e+22,43.6,102.0,0.05,0.0295,1320.0,4.82
582,M,2015-03-10 03:24:00,12297,2.91e+22,44.2,101.0,0.104,0.0332,1460.0,4.89
583,M,2015-03-10 23:48:00,12297,2.4e+22,48.6,107.0,0.0706,0.0522,1800.0,4.96
584,M,2015-03-11 06:12:00,12297,2.44e+22,50.9,106.0,0.196,0.0422,1560.0,5.07
585,M,2015-03-11 09:12:00,12297,2.41e+22,52.1,103.0,0.152,0.0387,1500.0,5.04
586,M,2015-03-11 18:48:00,12297,2.5e+22,52.1,110.0,0.317,0.0589,2000.0,5.11
587,M,2015-03-12 04:36:00,12297,2.61e+22,54.4,110.0,0.307,0.0598,2180.0,5.11
588,M,2015-03-12 11:36:00,12297,2.59e+22,54.6,108.0,0.288,0.0563,2110.0,5.06
589,M,2015-03-12 12:12:00,12297,2.57e+22,54.1,109.0,0.341,0.0587,2190.0,5.02
590,M,2015-03-12 13:48:00,12297,2.57e+22,54.5,108.0,0.29,0.0558,2110.0,5.04
591,M,2015-03-12 21:48:00,12297,2.43e+22,56.0,109.0,0.232,0.0579,2050.0,4.99
592,M,2015-03-13 03:48:00,12297,2.32e+22,55.8,112.0,0.281,0.0632,2120.0,4.99
593,M,2015-03-13 05:48:00,12297,2.29e+22,55.8,108.0,0.32,0.056,1950.0,4.92
594,M,2015-03-14 04:24:00,12297,2.32e+22,53.3,108.0,0.282,0.0459,1590.0,4.78
595,M,2015-03-15 09:36:00,12297,2.73e+22,49.3,109.0,0.217,0.0321,1300.0,4.87
596,M,2015-03-15 22:36:00,12297,3.1e+22,44.2,98.7,0.218,0.0157,773.0,4.66
597,M,2015-03-16 10:36:00,12297,3.11e+22,40.9,105.0,0.236,0.0209,934.0,4.82
598,M,2015-03-17 22:48:00,12297,3.4e+22,33.8,74.1,0.0128,0.0131,684.0,4.36
599,M,2015-04-08 14:36:00,12320,1.41e+22,45.9,117.0,0.462,0.0136,331.0,4.33
600,M,2015-04-12 08:48:00,12320,2.64e+22,29.5,108.0,-0.25,0.000933,36.4,3.94
601,M,2015-04-21 07:12:00,12324,5.56e+22,35.0,95.5,0.152,-0.0047,439.0,4.51
602,M,2015-04-21 10:12:00,12325,5.15e+22,35.5,100.0,0.0291,-0.00541,442.0,4.5
603,M,2015-04-21 11:48:00,12324,5.15e+22,35.1,99.2,0.102,-0.00434,360.0,4.46
604,M,2015-04-21 15:24:00,12322,1.54e+22,39.0,71.1,-0.407,-0.0145,283.0,4.17
605,M,2015-04-21 17:00:00,12322,1.16e+22,40.0,75.0,-0.354,-0.00858,129.0,4.24
606,M,2015-04-21 21:36:00,12322,5.91e+21,38.0,74.9,-0.446,-0.00468,31.0,4.38
607,M,2015-04-21 22:00:00,12322,5.54e+21,33.9,48.6,-0.0865,0.00404,22.9,4.78
608,M,2015-04-22 08:36:00,12324,5.05e+22,30.4,89.2,-0.0388,-0.00318,252.0,4.44
609,M,2015-04-23 09:12:00,12324,3.35e+22,28.4,86.7,-0.172,0.000104,5.14,4.55
610,M,2015-05-05 09:48:00,12335,2.25e+22,51.8,101.0,0.145,0.0017,66.6,4.36
611,M,2015-05-05 13:48:00,12339,3.38e+22,42.8,61.4,0.247,-0.00363,155.0,4.49
612,M,2015-05-05 14:24:00,12335,2.17e+22,53.0,101.0,0.252,0.00162,63.0,4.5
613,M,2015-05-05 17:12:00,12339,3.84e+22,43.3,65.7,0.146,-0.000377,19.2,4.66
614,M,2015-05-06 11:36:00,12339,6.77e+22,43.0,65.3,-0.0759,-0.00139,123.0,4.79
615,M,2015-06-11 08:48:00,12367,1.66e+22,36.2,67.9,0.148,0.00775,172.0,4.52
616,M,2015-06-13 07:24:00,12360,6.31e+22,32.3,65.6,-0.0637,0.00274,247.0,4.51
617,M,2015-06-14 00:36:00,12360,2.54e+22,34.1,54.3,-0.0544,-0.000282,11.3,4.27
618,M,2015-06-18 00:36:00,12371,5.16e+22,48.6,78.7,-0.00157,-0.00832,583.0,4.78
619,M,2015-06-18 16:24:00,12371,5.42e+22,51.6,80.5,0.00341,-0.00607,463.0,4.85
620,M,2015-06-20 06:24:00,12371,4.83e+22,56.6,84.0,-0.0897,-0.0136,867.0,4.89
621,M,2015-06-21 01:00:00,12371,4.5e+22,59.6,78.8,-0.0613,-0.014,934.0,4.85
622,M,2015-06-21 02:12:00,12371,4.49e+22,59.7,78.1,-0.056,-0.0158,1040.0,4.85
623,M,2015-06-21 09:36:00,12367,5.11e+22,32.7,92.2,-0.0604,0.00623,454.0,4.43
624,M,2015-06-21 18:12:00,12371,4.16e+22,60.7,82.2,-0.195,-0.0169,1030.0,4.77
625,M,2015-06-22 17:24:00,12371,3.92e+22,60.5,83.9,-0.198,-0.0135,794.0,4.68
626,M,2015-06-25 08:00:00,12371,4.39e+22,47.1,87.3,-0.121,-0.0076,511.0,4.6
627,M,2015-07-03 12:36:00,12378,1.92e+22,34.6,89.0,0.00252,0.00562,144.0,4.12
628,M,2015-07-06 08:24:00,12381,2.26e+22,53.8,92.1,0.128,-0.0208,648.0,4.84
629,M,2015-07-06 20:36:00,12381,2.19e+22,55.7,93.4,0.204,-0.0176,530.0,4.75
630,M,2015-08-21 02:00:00,12403,3.57e+22,44.5,104.0,-0.14,-0.00241,128.0,4.85
631,M,2015-08-21 09:36:00,12403,3.57e+22,47.9,107.0,-0.103,-0.00393,215.0,5.0
632,M,2015-08-21 19:12:00,12403,3.75e+22,50.4,103.0,0.00135,-0.00619,350.0,4.99
633,M,2015-08-22 06:36:00,12403,3.91e+22,51.7,108.0,0.0913,0.000149,8.49,4.98
634,M,2015-08-22 21:24:00,12403,4.41e+22,55.2,99.3,0.0373,0.00433,309.0,5.01
635,M,2015-08-24 07:24:00,12403,5.42e+22,56.1,100.0,-0.119,0.00504,400.0,5.08
636,M,2015-08-24 17:36:00,12403,5.72e+22,56.2,94.6,-0.115,0.00453,390.0,5.18
637,M,2015-08-27 04:48:00,12403,6.53e+22,47.6,86.3,-0.216,-0.00305,265.0,4.85
638,M,2015-08-28 13:00:00,12403,6.84e+22,42.6,69.3,-0.17,-0.000426,39.9,4.7
639,M,2015-08-28 19:00:00,12403,6.8e+22,42.2,66.4,-0.212,0.000267,24.6,4.67
640,M,2015-08-30 01:48:00,12403,2.14e+22,32.9,61.1,-0.155,0.00144,45.6,4.72
641,M,2015-09-17 09:24:00,12415,1.6e+22,50.4,116.0,0.293,-0.00785,212.0,4.28
642,M,2015-09-20 05:00:00,12420,5.11e+21,53.1,50.8,0.484,-0.0086,65.4,4.62
643,M,2015-09-20 17:36:00,12420,2.32e+22,43.8,60.5,-0.0168,-0.00286,92.8,4.17
644,M,2015-09-27 10:24:00,12422,3.2e+22,58.2,93.7,-0.0338,-0.0143,654.0,4.72
645,M,2015-09-27 21:00:00,12422,3.64e+22,57.1,92.5,-0.0551,-0.0139,732.0,4.87
646,M,2015-09-28 03:48:00,12428,8.57e+20,31.8,113.0,0.411,0.00617,6.7,2.56
647,M,2015-09-28 07:24:00,12428,1.06e+21,44.3,103.0,0.531,-0.00805,12.7,0.0
648,M,2015-09-28 13:00:00,12423,2.3e+22,40.8,89.1,0.224,-0.00108,30.8,4.45
649,M,2015-09-28 14:48:00,12422,4.31e+22,55.6,95.6,-0.0813,-0.0134,839.0,5.08
650,M,2015-09-29 03:12:00,12428,5.85e+21,31.9,91.1,-0.266,0.00938,70.5,3.72
651,M,2015-09-29 03:36:00,12428,5.92e+21,31.7,95.6,-0.429,0.00836,63.0,3.65
652,M,2015-09-29 05:00:00,12422,5.26e+22,52.3,97.2,-0.0363,-0.00753,556.0,5.07
653,M,2015-09-29 05:36:00,12423,7.31e+21,31.9,66.4,-0.825,0.00417,39.3,4.68
654,M,2015-09-29 05:48:00,12422,5.32e+22,52.4,97.1,-0.00768,-0.00892,662.0,5.12
655,M,2015-09-29 06:36:00,12423,6.96e+21,33.2,74.4,-0.484,0.00864,82.0,4.72
656,M,2015-09-29 08:48:00,12422,5.3e+22,51.4,99.4,-0.0868,-0.0131,928.0,5.11
657,M,2015-09-29 11:12:00,12422,5.52e+22,51.0,96.5,-0.0606,-0.0104,792.0,5.13
658,M,2015-09-29 19:24:00,12422,6.26e+22,48.2,96.6,-0.0903,-0.00784,648.0,5.16
659,M,2015-09-30 10:48:00,12422,6.23e+22,46.7,91.1,-0.0862,-0.0031,256.0,5.09
660,M,2015-09-30 13:12:00,12422,6.25e+22,45.9,90.2,-0.0998,-0.00237,195.0,5.09
661,M,2015-10-01 13:00:00,12427,1.13e+22,54.0,109.0,0.16,-0.0068,127.0,3.88
662,M,2015-10-02 00:00:00,12422,6.74e+22,41.3,75.2,0.0391,-0.00255,224.0,4.77
663,M,2015-10-02 12:24:00,12422,4.84e+22,40.9,77.6,-0.0104,-0.00933,567.0,4.91
664,M,2015-10-02 17:12:00,12422,4.22e+22,39.5,74.5,-0.0998,-0.0122,639.0,5.04
665,M,2015-10-03 22:48:00,12422,0.0,0.0,0.0,0.0,0.0,0.0,4.53
666,M,2015-10-15 23:24:00,12434,3.85e+22,32.9,91.1,0.124,0.0126,712.0,4.34
667,M,2015-10-16 06:00:00,12434,3.52e+22,33.9,93.0,0.0957,0.0125,687.0,4.37
668,M,2015-10-17 20:12:00,12436,2.82e+22,39.2,68.5,-0.0779,-0.00348,133.0,4.23
669,M,2015-10-17 20:36:00,12436,2.81e+22,38.3,66.2,-0.0938,-0.0041,151.0,4.08
670,M,2015-10-31 17:48:00,12445,3.32e+21,31.5,132.0,0.424,-0.00306,15.4,0.0
671,M,2015-11-04 03:24:00,12445,2.63e+22,38.3,77.9,-0.0358,0.00741,252.0,4.38
672,M,2015-11-04 12:00:00,12443,2.64e+22,52.6,113.0,0.477,0.000433,19.4,4.19
673,M,2015-11-04 13:24:00,12443,2.59e+22,53.6,110.0,0.436,-0.000999,46.0,4.16
674,M,2015-11-09 12:36:00,12449,1.95e+22,37.2,108.0,-0.159,0.00151,43.8,4.09
675,M,2015-12-21 03:48:00,12472,0.0,0.0,0.0,0.0,0.0,0.0,4.82
676,M,2015-12-21 10:12:00,12473,2.12e+21,45.3,51.4,-0.0627,-0.011,33.6,3.91
677,M,2015-12-22 03:12:00,12473,2.1e+22,40.9,96.2,-0.0367,-0.00449,106.0,4.42
678,M,2015-12-23 00:24:00,12473,3.17e+22,46.1,81.2,-0.127,0.0129,500.0,4.61
679,M,2015-12-24 01:36:00,12473,3.5e+22,50.3,80.7,0.114,0.0136,643.0,4.76
680,M,2015-12-28 11:12:00,12473,2.62e+22,53.0,111.0,0.416,0.0205,828.0,4.67
681,M,2016-01-01 23:00:00,12473,3.57e+22,29.1,75.8,-0.0227,0.00488,253.0,3.75
682,M,2016-02-12 10:36:00,12497,2.52e+22,42.5,128.0,0.185,-0.0202,816.0,4.61
683,M,2016-02-13 15:12:00,12497,3.3e+22,36.4,124.0,0.117,-0.00801,404.0,4.76
684,M,2016-02-14 19:12:00,12497,4.3e+22,32.0,103.0,0.0125,-0.00711,461.0,4.88
685,M,2016-02-15 10:36:00,12497,3.91e+22,32.9,102.0,-0.0686,-0.00813,435.0,4.8
686,M,2016-04-18 00:00:00,12529,5.33e+22,42.9,71.0,0.0831,-0.00506,400.0,4.24
687,M,2016-07-21 00:36:00,12567,4.29e+22,53.0,77.8,0.0139,-0.0022,151.0,4.69
688,M,2016-07-21 01:36:00,12567,4.3e+22,52.8,77.3,0.0144,-0.00216,148.0,4.67
689,M,2016-07-23 01:48:00,12567,4.59e+22,45.7,62.3,0.17,-0.0035,243.0,4.54
690,M,2016-07-23 05:00:00,12567,4.56e+22,45.3,64.9,0.0921,-0.00387,257.0,4.55
691,M,2016-07-23 05:24:00,12567,4.5e+22,45.3,65.0,0.184,-0.00394,254.0,4.54
692,M,2016-07-24 06:12:00,12567,1.3e+22,47.1,60.3,0.0914,0.00543,112.0,5.36
693,M,2016-07-24 17:24:00,12567,5.11e+20,48.2,39.6,-0.0565,-0.00231,2.01,4.7
694,M,2016-08-07 14:36:00,12572,1.52e+22,38.5,72.3,0.0181,-0.00727,173.0,3.99
695,M,2016-11-29 17:24:00,12615,8.5e+21,38.7,110.0,0.0702,-0.00455,53.8,4.06
696,M,2016-11-29 23:24:00,12615,8.81e+21,38.9,120.0,-0.0541,-0.0217,239.0,4.2
697,M,2017-04-01 21:36:00,12644,2.64e+22,43.5,92.5,-0.00532,0.00647,262.0,4.51
698,M,2017-04-02 07:48:00,12644,3.54e+22,44.0,90.8,0.0259,0.00596,304.0,4.77
699,M,2017-04-02 12:48:00,12644,3.75e+22,44.8,94.2,-0.114,0.00724,360.0,4.89
700,M,2017-04-02 18:24:00,12644,4.34e+22,45.2,88.6,0.0107,0.00797,444.0,4.91
701,M,2017-04-02 20:24:00,12644,4.49e+22,45.3,88.5,-0.0291,0.00282,160.0,4.84
702,M,2017-04-03 01:00:00,12644,4.63e+22,44.8,84.3,-0.0738,0.00251,146.0,4.72
703,M,2017-04-03 14:24:00,12645,3.16e+22,53.1,97.0,-0.0047,0.00566,256.0,4.85
704,M,2017-07-05 10:36:00,12665,6.77e+20,52.5,65.2,-0.0557,-0.00184,2.42,4.54
705,M,2017-07-09 03:12:00,12665,3.26e+22,53.9,85.9,-0.0361,-0.00753,364.0,4.75
706,M,2017-07-14 01:12:00,12665,3.21e+22,51.7,96.9,0.115,-0.012,561.0,4.48
707,M,2017-08-20 01:36:00,12671,2.13e+22,57.9,103.0,0.0907,-0.00702,235.0,4.62
708,M,2017-09-04 05:36:00,12673,2.67e+22,60.6,102.0,-0.0335,-0.0389,1600.0,5.07
709,M,2017-09-04 15:12:00,12673,3.17e+22,59.8,96.1,0.00483,-0.0409,1920.0,5.21
710,M,2017-09-04 18:00:00,12673,3.29e+22,59.5,100.0,-0.0293,-0.0431,2050.0,5.21
711,M,2017-09-04 18:48:00,12673,3.31e+22,58.8,100.0,-0.0394,-0.0436,2060.0,5.21
712,M,2017-09-04 20:00:00,12673,3.29e+22,59.4,93.4,-0.0222,-0.0398,1950.0,5.17
713,M,2017-09-04 20:24:00,12673,3.26e+22,59.4,94.0,-0.0132,-0.0383,1870.0,5.13
714,M,2017-09-04 22:12:00,12673,3.36e+22,59.0,99.8,-0.0824,-0.0408,1960.0,5.14
715,M,2017-09-05 01:00:00,12673,3.44e+22,58.2,102.0,0.057,-0.0467,2270.0,5.13
716,M,2017-09-05 03:48:00,12673,3.54e+22,57.7,104.0,-0.0567,-0.0478,2380.0,5.19
717,M,2017-09-05 04:36:00,12673,3.53e+22,57.5,104.0,-0.0972,-0.0469,2360.0,5.24
718,M,2017-09-05 06:00:00,12673,3.62e+22,57.1,103.0,0.0191,-0.0493,2540.0,5.25
719,M,2017-09-05 17:36:00,12673,3.96e+22,54.5,109.0,-0.165,-0.0599,3100.0,5.26
720,M,2017-09-06 15:48:00,12673,4.93e+22,49.5,108.0,-0.231,-0.057,3580.0,5.29
721,M,2017-09-06 19:36:00,12673,5.23e+22,48.3,103.0,-0.0655,-0.0505,3360.0,5.26
722,M,2017-09-06 23:36:00,12673,5.37e+22,47.3,99.4,-0.133,-0.0443,2920.0,5.11
723,M,2017-09-07 05:00:00,12673,5.42e+22,46.8,99.2,-0.087,-0.0417,2820.0,5.16
724,M,2017-09-07 09:48:00,12673,5.53e+22,46.5,95.9,-0.108,-0.038,2660.0,5.11
725,M,2017-09-07 10:12:00,12673,5.58e+22,46.0,94.0,-0.122,-0.0365,2590.0,5.1
726,M,2017-09-07 23:48:00,12673,5.94e+22,43.0,85.4,-0.0699,-0.0239,1800.0,4.91
727,M,2017-09-08 02:24:00,12673,6.08e+22,42.5,85.3,-0.101,-0.0232,1770.0,4.84
728,M,2017-09-08 03:36:00,12673,6.05e+22,42.5,88.0,-0.0729,-0.0223,1660.0,4.85
729,M,2017-09-08 08:24:00,12673,5.89e+22,42.8,88.0,-0.152,-0.0194,1410.0,4.9
730,M,2017-09-08 15:12:00,12673,5.88e+22,43.2,79.0,-0.182,-0.0136,1020.0,4.79
731,M,2017-09-08 23:36:00,12673,6.07e+22,42.1,70.4,-0.0344,-0.0101,812.0,4.56
732,M,2017-09-09 04:12:00,12673,5.83e+22,42.4,69.3,-0.0784,-0.00826,629.0,4.51
733,M,2017-09-09 10:48:00,12673,5.41e+22,44.2,63.2,-0.175,-0.00776,572.0,4.48
734,M,2017-09-09 22:00:00,12673,2.3e+22,42.2,69.9,-0.131,-0.00368,121.0,4.68
735,M,2017-10-20 23:00:00,12685,0.0,0.0,0.0,0.0,0.0,0.0,4.14
736,M,2020-08-02 22:12:00,12770,0.0,0.0,0.0,0.0,0.0,0.0,4.64
737,M,2020-11-29 23:12:00,12786,4.41e+22,51.8,99.1,0.0447,-0.00525,337.0,4.36
738,M,2021-04-19 23:24:00,12817,1.11e+22,41.1,110.0,0.222,0.00882,143.0,4.13
739,M,2021-05-07 18:48:00,12822,1.17e+22,48.3,60.9,-0.286,-0.00682,126.0,3.88
740,M,2021-05-22 17:00:00,12824,1.51e+22,46.2,100.0,-0.00778,-0.0107,288.0,4.19
741,M,2021-05-22 21:36:00,12824,1.48e+22,46.5,103.0,0.0637,-0.0131,336.0,4.35
742,M,2021-05-23 10:48:00,12824,1.33e+22,50.1,101.0,0.089,-0.0128,297.0,4.07
743,M,2021-07-03 07:00:00,12835,2.83e+22,52.1,89.9,0.0124,0.0144,571.0,4.63
744,M,2021-07-03 17:00:00,12838,8.46e+21,33.8,72.5,-0.329,-0.00257,27.8,3.82
745,M,2021-07-04 04:48:00,12838,0.0,0.0,0.0,0.0,0.0,0.0,4.52
746,M,2021-08-28 05:36:00,12860,2.5e+22,50.8,108.0,0.0988,0.0161,625.0,4.75
747,M,2021-09-23 04:36:00,12875,2.79e+21,30.5,118.0,-0.00448,-0.00346,14.9,2.15
748,M,2021-10-09 06:12:00,12882,1.51e+22,58.6,92.7,0.313,-0.0132,288.0,4.1
749,M,2021-10-26 02:36:00,12887,3.22e+22,43.6,103.0,-0.0417,0.0185,899.0,4.69
750,M,2021-10-26 15:48:00,12887,3.11e+22,46.6,108.0,-0.0721,0.0167,811.0,4.7
751,M,2021-10-28 07:24:00,12887,2.24e+22,46.8,122.0,-0.296,0.0238,800.0,4.63
752,M,2021-10-28 10:24:00,12891,2.33e+22,39.5,77.4,-0.271,-0.0181,570.0,4.42
753,M,2021-10-29 02:12:00,12891,2.56e+22,41.0,81.8,-0.209,-0.0114,425.0,4.42
754,M,2021-10-29 02:12:00,12891,2.56e+22,41.0,81.8,-0.209,-0.0114,425.0,4.42
755,M,2021-10-29 02:12:00,12891,2.56e+22,41.0,81.8,-0.209,-0.0114,425.0,4.42
756,M,2021-10-29 02:12:00,12891,2.56e+22,41.0,81.8,-0.209,-0.0114,425.0,4.42
757,M,2021-10-29 02:12:00,12891,2.56e+22,41.0,81.8,-0.209,-0.0114,425.0,4.42
758,M,2021-10-29 02:12:00,12891,2.56e+22,41.0,81.8,-0.209,-0.0114,425.0,4.42
759,M,2021-10-29 02:12:00,12891,2.56e+22,41.0,81.8,-0.209,-0.0114,425.0,4.42
760,M,2021-10-29 02:12:00,12891,2.56e+22,41.0,81.8,-0.209,-0.0114,425.0,4.42
761,M,2021-10-29 02:12:00,12891,2.56e+22,41.0,81.8,-0.209,-0.0114,425.0,4.42
762,M,2021-10-29 02:12:00,12891,2.56e+22,41.0,81.8,-0.209,-0.0114,425.0,4.42
763,M,2021-10-29 02:12:00,12891,2.56e+22,41.0,81.8,-0.209,-0.0114,425.0,4.42
764,M,2021-10-29 02:12:00,12891,2.56e+22,41.0,81.8,-0.209,-0.0114,425.0,4.42
765,M,2021-10-29 02:12:00,12891,2.56e+22,41.0,81.8,-0.209,-0.0114,425.0,4.42
766,M,2021-10-29 02:12:00,12891,2.56e+22,41.0,81.8,-0.209,-0.0114,425.0,4.42
767,M,2021-10-29 02:12:00,12891,2.56e+22,41.0,81.8,-0.209,-0.0114,425.0,4.42
768,M,2021-10-29 02:12:00,12891,2.56e+22,41.0,81.8,-0.209,-0.0114,425.0,4.42
769,M,2021-10-29 02:12:00,12891,2.56e+22,41.0,81.8,-0.209,-0.0114,425.0,4.42
770,M,2021-10-29 02:12:00,12891,2.56e+22,41.0,81.8,-0.209,-0.0114,425.0,4.42
771,M,2021-10-29 02:12:00,12891,2.56e+22,41.0,81.8,-0.209,-0.0114,425.0,4.42
772,M,2021-10-29 02:12:00,12891,2.56e+22,41.0,81.8,-0.209,-0.0114,425.0,4.42
773,M,2021-10-29 02:12:00,12891,2.56e+22,41.0,81.8,-0.209,-0.0114,425.0,4.42
774,M,2021-10-29 02:12:00,12891,2.56e+22,41.0,81.8,-0.209,-0.0114,425.0,4.42
775,M,2021-10-29 02:12:00,12891,2.56e+22,41.0,81.8,-0.209,-0.0114,425.0,4.42
776,M,2021-10-29 02:12:00,12891,2.56e+22,41.0,81.8,-0.209,-0.0114,425.0,4.42
777,M,2021-10-29 02:12:00,12891,2.56e+22,41.0,81.8,-0.209,-0.0114,425.0,4.42
778,M,2021-10-29 02:12:00,12891,2.56e+22,41.0,81.8,-0.209,-0.0114,425.0,4.42
779,M,2021-10-29 02:12:00,12891,2.56e+22,41.0,81.8,-0.209,-0.0114,425.0,4.42
780,M,2021-10-29 02:12:00,12891,2.56e+22,41.0,81.8,-0.209,-0.0114,425.0,4.42
781,M,2021-10-29 02:12:00,12891,2.56e+22,41.0,81.8,-0.209,-0.0114,425.0,4.42
782,M,2021-10-29 02:12:00,12891,2.56e+22,41.0,81.8,-0.209,-0.0114,425.0,4.42
783,M,2021-10-29 02:12:00,12891,2.56e+22,41.0,81.8,-0.209,-0.0114,425.0,4.42
784,M,2021-10-29 02:12:00,12891,2.56e+22,41.0,81.8,-0.209,-0.0114,425.0,4.42
785,M,2021-10-29 02:12:00,12891,2.56e+22,41.0,81.8,-0.209,-0.0114,425.0,4.42
786,M,2021-10-29 02:12:00,12891,2.56e+22,41.0,81.8,-0.209,-0.0114,425.0,4.42
787,M,2021-10-29 02:12:00,12891,2.56e+22,41.0,81.8,-0.209,-0.0114,425.0,4.42
788,M,2021-10-29 02:12:00,12891,2.56e+22,41.0,81.8,-0.209,-0.0114,425.0,4.42
789,M,2021-10-29 02:12:00,12891,2.56e+22,41.0,81.8,-0.209,-0.0114,425.0,4.42
790,M,2021-10-29 02:12:00,12891,2.56e+22,41.0,81.8,-0.209,-0.0114,425.0,4.42
791,M,2021-10-29 02:12:00,12891,2.56e+22,41.0,81.8,-0.209,-0.0114,425.0,4.42
792,M,2021-10-29 02:12:00,12891,2.56e+22,41.0,81.8,-0.209,-0.0114,425.0,4.42
793,M,2021-10-29 02:12:00,12891,2.56e+22,41.0,81.8,-0.209,-0.0114,425.0,4.42
794,M,2021-10-29 02:12:00,12891,2.56e+22,41.0,81.8,-0.209,-0.0114,425.0,4.42
795,M,2021-10-29 02:12:00,12891,2.56e+22,41.0,81.8,-0.209,-0.0114,425.0,4.42
796,M,2021-10-29 02:12:00,12891,2.56e+22,41.0,81.8,-0.209,-0.0114,425.0,4.42
797,M,2021-10-29 02:12:00,12891,2.56e+22,41.0,81.8,-0.209,-0.0114,425.0,4.42
798,M,2021-10-29 02:12:00,12891,2.56e+22,41.0,81.8,-0.209,-0.0114,425.0,4.42
799,M,2021-10-29 02:12:00,12891,2.56e+22,41.0,81.8,-0.209,-0.0114,425.0,4.42
800,M,2021-10-29 02:12:00,12891,2.56e+22,41.0,81.8,-0.209,-0.0114,425.0,4.42
801,M,2021-10-29 02:12:00,12891,2.56e+22,41.0,81.8,-0.209,-0.0114,425.0,4.42
802,M,2021-10-29 02:12:00,12891,2.56e+22,41.0,81.8,-0.209,-0.0114,425.0,4.42
803,M,2021-10-29 02:12:00,12891,2.56e+22,41.0,81.8,-0.209,-0.0114,425.0,4.42
804,M,2021-10-29 02:12:00,12891,2.56e+22,41.0,81.8,-0.209,-0.0114,425.0,4.42
805,M,2021-10-29 02:12:00,12891,2.56e+22,41.0,81.8,-0.209,-0.0114,425.0,4.42
806,M,2021-10-29 02:12:00,12891,2.56e+22,41.0,81.8,-0.209,-0.0114,425.0,4.42
807,M,2021-10-29 02:12:00,12891,2.56e+22,41.0,81.8,-0.209,-0.0114,425.0,4.42
808,M,2021-10-29 02:12:00,12891,2.56e+22,41.0,81.8,-0.209,-0.0114,425.0,4.42
809,M,2021-10-29 02:12:00,12891,2.56e+22,41.0,81.8,-0.209,-0.0114,425.0,4.42
810,M,2021-10-29 02:12:00,12891,2.56e+22,41.0,81.8,-0.209,-0.0114,425.0,4.42
811,M,2021-10-29 02:12:00,12891,2.56e+22,41.0,81.8,-0.209,-0.0114,425.0,4.42
812,M,2021-10-29 02:12:00,12891,2.56e+22,41.0,81.8,-0.209,-0.0114,425.0,4.42
813,M,2021-10-29 02:12:00,12891,2.56e+22,41.0,81.8,-0.209,-0.0114,425.0,4.42
814,M,2021-10-29 02:12:00,12891,2.56e+22,41.0,81.8,-0.209,-0.0114,425.0,4.42
815,M,2021-10-29 02:12:00,12891,2.56e+22,41.0,81.8,-0.209,-0.0114,425.0,4.42
816,M,2021-10-29 02:12:00,12891,2.56e+22,41.0,81.8,-0.209,-0.0114,425.0,4.42
817,M,2021-10-29 02:12:00,12891,2.56e+22,41.0,81.8,-0.209,-0.0114,425.0,4.42
818,M,2021-10-29 02:12:00,12891,2.56e+22,41.0,81.8,-0.209,-0.0114,425.0,4.42
819,M,2021-10-29 02:12:00,12891,2.56e+22,41.0,81.8,-0.209,-0.0114,425.0,4.42
820,M,2021-10-29 02:12:00,12891,2.56e+22,41.0,81.8,-0.209,-0.0114,425.0,4.42
821,M,2021-10-29 02:12:00,12891,2.56e+22,41.0,81.8,-0.209,-0.0114,425.0,4.42
822,M,2021-10-29 02:12:00,12891,2.56e+22,41.0,81.8,-0.209,-0.0114,425.0,4.42
823,M,2021-10-29 02:12:00,12891,2.56e+22,41.0,81.8,-0.209,-0.0114,425.0,4.42
824,M,2021-10-29 02:12:00,12891,2.56e+22,41.0,81.8,-0.209,-0.0114,425.0,4.42
825,M,2021-10-29 02:12:00,12891,2.56e+22,41.0,81.8,-0.209,-0.0114,425.0,4.42
826,M,2021-10-29 02:12:00,12891,2.56e+22,41.0,81.8,-0.209,-0.0114,425.0,4.42
827,M,2021-10-29 02:12:00,12891,2.56e+22,41.0,81.8,-0.209,-0.0114,425.0,4.42
828,M,2021-10-29 02:12:00,12891,2.56e+22,41.0,81.8,-0.209,-0.0114,425.0,4.42
829,M,2021-10-29 02:12:00,12891,2.56e+22,41.0,81.8,-0.209,-0.0114,425.0,4.42
830,M,2021-10-29 02:12:00,12891,2.56e+22,41.0,81.8,-0.209,-0.0114,425.0,4.42
831,M,2021-10-29 02:12:00,12891,2.56e+22,41.0,81.8,-0.209,-0.0114,425.0,4.42
832,M,2021-10-29 02:12:00,12891,2.56e+22,41.0,81.8,-0.209,-0.0114,425.0,4.42
833,M,2021-10-29 02:12:00,12891,2.56e+22,41.0,81.8,-0.209,-0.0114,425.0,4.42
834,M,2021-10-29 02:12:00,12891,2.56e+22,41.0,81.8,-0.209,-0.0114,425.0,4.42
835,M,2021-10-29 02:12:00,12891,2.56e+22,41.0,81.8,-0.209,-0.0114,425.0,4.42
836,M,2021-10-29 02:12:00,12891,2.56e+22,41.0,81.8,-0.209,-0.0114,425.0,4.42
837,X,2011-01-26 17:00:00,11149,2.26e+22,36.5,74.8,-0.43,0.0029,93.0,4.19
838,X,2011-02-15 01:48:00,11161,9.25e+21,32.5,104.0,-0.205,-0.00561,78.9,3.12
839,X,2011-03-09 23:12:00,11166,3.41e+22,55.4,103.0,0.272,0.002,102.0,4.85
840,X,2011-08-09 07:36:00,11263,3.86e+22,43.0,67.4,0.155,0.0181,970.0,4.66
841,X,2011-09-06 22:12:00,11283,1.59e+22,50.4,112.0,0.129,0.0104,269.0,4.3
842,X,2011-09-07 22:36:00,11283,1.74e+22,44.9,115.0,0.0801,0.00465,126.0,4.46
843,X,2011-09-22 10:36:00,11295,5.59e+22,36.2,97.1,0.0283,0.00442,381.0,4.71
844,X,2011-09-24 09:24:00,11295,6.21e+22,40.3,63.6,-0.0141,0.0032,270.0,4.57
845,X,2011-11-03 20:12:00,11339,8.23e+22,45.9,72.4,0.0225,0.00113,123.0,4.95
846,X,2012-01-27 17:24:00,11402,8.46e+21,30.2,58.2,0.198,0.000276,3.8,4.5
847,X,2012-03-05 02:36:00,11429,4.81e+22,48.9,84.1,0.0148,-0.0251,1510.0,4.94
848,X,2012-03-07 00:00:00,11430,5.57e+22,53.3,93.0,0.00898,-0.031,2280.0,5.23
849,X,2012-03-07 00:48:00,11430,5.55e+22,52.9,96.0,0.0296,-0.0342,2450.0,5.21
850,X,2012-07-06 23:00:00,11520,1e+23,39.8,71.1,0.112,0.00717,951.0,4.71
851,X,2012-07-12 15:36:00,11519,8.46e+22,52.2,96.4,0.192,0.00812,1110.0,5.13
852,X,2012-10-23 03:12:00,11593,7.95e+21,32.0,133.0,0.639,-0.00796,105.0,3.1
853,X,2013-05-13 05:36:00,11748,0.0,0.0,0.0,0.0,0.0,0.0,4.59
854,X,2013-05-13 15:48:00,11748,6.38e+21,45.9,61.6,-0.616,-0.0153,141.0,4.75
855,X,2013-05-14 00:00:00,11748,2.4e+22,45.3,62.8,-0.0685,-0.0132,416.0,4.41
856,X,2013-05-15 01:24:00,11748,2.76e+22,36.5,80.5,-0.102,-0.0211,778.0,4.49
857,X,2013-10-25 07:48:00,11882,1.86e+22,45.1,80.8,-0.121,0.00571,138.0,4.48
858,X,2013-10-25 14:48:00,11882,1.83e+22,46.2,78.5,-0.05,-0.0156,384.0,4.51
859,X,2013-10-28 01:36:00,11875,6.51e+22,40.9,72.4,0.0448,-0.00803,746.0,4.26
860,X,2013-10-29 21:36:00,11875,6.38e+21,24.7,73.4,-0.166,0.00287,28.7,5.24
861,X,2013-11-05 22:12:00,11890,6.23e+22,45.6,96.1,-0.0802,0.00778,674.0,5.05
862,X,2013-11-08 04:24:00,11891,7.83e+21,49.5,111.0,0.153,0.0294,356.0,4.31
863,X,2013-11-10 05:12:00,11897,7.44e+21,42.7,57.3,-0.147,0.00272,31.2,4.9
864,X,2013-11-19 10:00:00,11893,5.64e+22,36.8,71.8,-0.0917,0.0129,940.0,4.66
865,X,2014-01-07 18:00:00,11947,7.28e+21,32.0,77.9,-0.116,-0.00169,16.4,3.71
866,X,2014-02-25 00:36:00,11982,5.03e+22,49.1,106.0,0.247,-0.00323,289.0,4.51
867,X,2014-03-29 17:36:00,12017,1.42e+22,42.3,114.0,0.219,0.0106,248.0,4.34
868,X,2014-04-25 00:12:00,12045,9.64e+21,45.9,107.0,0.255,0.00592,94.4,3.5
869,X,2014-06-10 11:36:00,12087,1.81e+22,46.2,66.4,0.373,0.0196,531.0,0.0
870,X,2014-06-10 12:36:00,12080,6.18e+22,52.7,97.7,0.0874,0.00338,322.0,4.93
871,X,2014-06-11 09:00:00,12089,2.22e+21,45.2,149.0,-0.484,0.019,69.5,3.76
872,X,2014-10-07 01:36:00,12182,2.26e+22,32.6,123.0,0.359,0.000569,20.8,3.15
873,X,2014-10-19 04:12:00,12192,1.32e+23,43.0,79.6,-0.00362,-0.00536,914.0,5.06
874,X,2014-10-22 14:00:00,12192,1.32e+23,53.5,95.6,0.147,-0.00309,567.0,5.43
875,X,2014-10-24 21:12:00,12192,1.56e+23,52.5,96.0,0.0509,-0.00391,873.0,5.35
876,X,2014-10-25 17:00:00,12192,1.69e+23,48.1,97.6,0.0275,-0.00185,415.0,5.47
877,X,2014-10-26 10:00:00,12192,1.82e+23,45.0,90.5,0.0669,-0.000462,115.0,5.48
878,X,2014-10-27 14:12:00,12192,1.96e+23,40.7,81.7,-0.0248,-0.000873,223.0,5.24
879,X,2014-11-07 16:48:00,12205,3.87e+22,42.5,102.0,0.0322,0.0179,1170.0,4.89
880,X,2014-12-20 00:12:00,12242,1.02e+23,40.4,98.6,0.0722,0.00506,789.0,5.03
881,X,2015-03-11 16:12:00,12297,2.55e+22,53.3,101.0,0.189,0.0405,1640.0,5.05
882,X,2015-05-05 22:00:00,12339,5.34e+22,44.3,64.3,-0.124,-0.000843,57.4,4.9
883,X,2017-09-06 09:00:00,12673,4.6e+22,51.9,103.0,-0.221,-0.0597,3580.0,5.28
884,X,2017-09-06 11:48:00,12673,4.67e+22,51.7,103.0,-0.198,-0.0521,3230.0,5.25
885,X,2017-09-07 14:24:00,12673,5.6e+22,46.2,90.4,-0.109,-0.0275,2020.0,5.0
886,X,2017-09-10 11:12:00,12673,0.0,0.0,0.0,0.0,0.0,0.0,5.23
887,X,2017-12-22 00:00:00,12692,1.13e+22,46.7,114.0,0.0773,0.00444,78.6,4.26
888,X,2017-12-22 00:00:00,12692,1.13e+22,46.7,114.0,0.0773,0.00444,78.6,4.26
889,X,2018-02-04 05:00:00,12699,0.0,0.0,0.0,0.0,0.0,0.0,4.47
890,X,2018-02-04 05:00:00,12699,0.0,0.0,0.0,0.0,0.0,0.0,4.47
891,X,2018-02-15 23:36:00,12699,1.35e+22,30.5,69.0,0.00836,0.000824,17.6,3.55
892,X,2018-02-15 23:36:00,12699,1.35e+22,30.5,69.0,0.00836,0.000824,17.6,3.55
893,X,2018-02-15 23:36:00,12699,1.35e+22,30.5,69.0,0.00836,0.000824,17.6,3.55
894,X,2018-04-28 19:12:00,12706,9.03e+21,26.4,107.0,-0.17,0.000704,10.5,0.0
895,X,2018-04-28 19:12:00,12706,9.03e+21,26.4,107.0,-0.17,0.000704,10.5,0.0
896,X,2018-04-30 12:00:00,12706,3.95e+21,20.0,68.0,-0.0285,-0.00272,17.9,0.0
897,X,2018-04-30 12:00:00,12706,3.95e+21,20.0,68.0,-0.0285,-0.00272,17.9,0.0
898,X,2018-08-23 16:12:00,12720,0.0,0.0,0.0,0.0,0.0,0.0,0.0
899,X,2018-08-23 16:12:00,12720,0.0,0.0,0.0,0.0,0.0,0.0,0.0
900,X,2018-08-23 16:12:00,12720,0.0,0.0,0.0,0.0,0.0,0.0,0.0
901,X,2018-08-23 16:12:00,12720,0.0,0.0,0.0,0.0,0.0,0.0,0.0
902,X,2018-08-23 16:12:00,12720,0.0,0.0,0.0,0.0,0.0,0.0,0.0
903,X,2018-08-23 16:12:00,12720,0.0,0.0,0.0,0.0,0.0,0.0,0.0
904,X,2018-08-23 20:24:00,12720,3.48e+20,57.8,124.0,0.307,0.0108,8.55,0.0
905,X,2018-08-25 18:12:00,12720,7.1e+21,47.3,109.0,-0.0845,0.000206,2.07,3.96
906,X,2018-08-25 18:12:00,12720,7.1e+21,47.3,109.0,-0.0845,0.000206,2.07,3.96
907,X,2018-08-25 18:12:00,12720,7.1e+21,47.3,109.0,-0.0845,0.000206,2.07,3.96
908,X,2018-08-25 18:12:00,12720,7.1e+21,47.3,109.0,-0.0845,0.000206,2.07,3.96
909,X,2018-08-25 18:12:00,12720,7.1e+21,47.3,109.0,-0.0845,0.000206,2.07,3.96
910,X,2018-08-25 18:12:00,12720,7.1e+21,47.3,109.0,-0.0845,0.000206,2.07,3.96
911,X,2018-08-25 18:12:00,12720,7.1e+21,47.3,109.0,-0.0845,0.000206,2.07,3.96
912,X,2019-01-04 17:00:00,12732,6.45e+21,34.1,92.3,-0.284,0.00246,23.9,3.36
913,X,2019-01-04 17:00:00,12732,6.45e+21,34.1,92.3,-0.284,0.00246,23.9,3.36
914,X,2019-01-04 17:00:00,12732,6.45e+21,34.1,92.3,-0.284,0.00246,23.9,3.36
915,X,2019-01-04 17:00:00,12732,6.45e+21,34.1,92.3,-0.284,0.00246,23.9,3.36
916,X,2019-01-04 17:00:00,12732,6.45e+21,34.1,92.3,-0.284,0.00246,23.9,3.36
917,X,2019-01-04 17:00:00,12732,6.45e+21,34.1,92.3,-0.284,0.00246,23.9,3.36
918,X,2019-01-04 17:00:00,12732,6.45e+21,34.1,92.3,-0.284,0.00246,23.9,3.36
919,X,2019-01-04 17:00:00,12732,6.45e+21,34.1,92.3,-0.284,0.00246,23.9,3.36
920,X,2019-01-04 17:00:00,12732,6.45e+21,34.1,92.3,-0.284,0.00246,23.9,3.36
921,X,2019-01-04 17:00:00,12732,6.45e+21,34.1,92.3,-0.284,0.00246,23.9,3.36
922,X,2019-01-04 17:00:00,12732,6.45e+21,34.1,92.3,-0.284,0.00246,23.9,3.36
923,X,2019-01-06 13:24:00,12732,5.53e+21,28.9,79.7,-0.165,-0.000909,7.65,3.34
924,X,2019-01-06 13:24:00,12732,5.53e+21,28.9,79.7,-0.165,-0.000909,7.65,3.34
925,X,2019-01-27 06:36:00,12733,1.32e+22,41.6,116.0,-0.153,-0.00614,122.0,3.66
926,X,2019-01-30 20:12:00,12733,7.64e+20,21.8,81.2,-0.167,-0.00138,1.77,4.0
927,X,2019-01-30 20:12:00,12733,7.64e+20,21.8,81.2,-0.167,-0.00138,1.77,4.0
928,X,2019-01-30 20:12:00,12733,7.64e+20,21.8,81.2,-0.167,-0.00138,1.77,4.0
929,X,2019-03-19 02:48:00,12736,2.35e+20,31.0,117.0,0.551,-0.00052,0.213,0.0
930,X,2019-03-19 02:48:00,12736,2.35e+20,31.0,117.0,0.551,-0.00052,0.213,0.0
931,X,2019-03-25 04:36:00,12736,0.0,0.0,0.0,0.0,0.0,0.0,5.26
932,X,2019-05-03 14:48:00,12740,0.0,0.0,0.0,0.0,0.0,0.0,4.6
933,X,2019-05-06 19:24:00,12740,1.31e+22,46.3,94.9,-0.497,0.0205,375.0,4.42
934,X,2019-05-06 19:24:00,12740,1.31e+22,46.3,94.9,-0.497,0.0205,375.0,4.42
935,X,2019-05-06 19:24:00,12740,1.31e+22,46.3,94.9,-0.497,0.0205,375.0,4.42
936,X,2019-05-06 19:24:00,12740,1.31e+22,46.3,94.9,-0.497,0.0205,375.0,4.42
937,X,2019-05-06 19:24:00,12740,1.31e+22,46.3,94.9,-0.497,0.0205,375.0,4.42
938,X,2019-05-06 19:24:00,12740,1.31e+22,46.3,94.9,-0.497,0.0205,375.0,4.42
939,X,2019-05-06 19:24:00,12740,1.31e+22,46.3,94.9,-0.497,0.0205,375.0,4.42
940,X,2019-05-06 19:24:00,12740,1.31e+22,46.3,94.9,-0.497,0.0205,375.0,4.42
941,X,2019-05-06 19:24:00,12740,1.31e+22,46.3,94.9,-0.497,0.0205,375.0,4.42
942,X,2019-05-06 19:24:00,12740,1.31e+22,46.3,94.9,-0.497,0.0205,375.0,4.42
943,X,2019-05-06 19:24:00,12740,1.31e+22,46.3,94.9,-0.497,0.0205,375.0,4.42
944,X,2019-05-06 19:24:00,12740,1.31e+22,46.3,94.9,-0.497,0.0205,375.0,4.42
945,X,2019-05-06 19:24:00,12740,1.31e+22,46.3,94.9,-0.497,0.0205,375.0,4.42
946,X,2019-05-06 19:24:00,12740,1.31e+22,46.3,94.9,-0.497,0.0205,375.0,4.42
947,X,2019-05-06 19:24:00,12740,1.31e+22,46.3,94.9,-0.497,0.0205,375.0,4.42
948,X,2019-05-06 19:24:00,12740,1.31e+22,46.3,94.9,-0.497,0.0205,375.0,4.42
949,X,2019-05-06 19:24:00,12740,1.31e+22,46.3,94.9,-0.497,0.0205,375.0,4.42
950,X,2020-08-02 22:12:00,12770,0.0,0.0,0.0,0.0,0.0,0.0,4.64
951,X,2020-08-02 22:12:00,12770,0.0,0.0,0.0,0.0,0.0,0.0,4.64
952,X,2020-08-02 22:12:00,12770,0.0,0.0,0.0,0.0,0.0,0.0,4.64
953,X,2020-08-02 22:12:00,12770,0.0,0.0,0.0,0.0,0.0,0.0,4.64
954,X,2020-08-02 22:12:00,12770,0.0,0.0,0.0,0.0,0.0,0.0,4.64
955,X,2020-08-02 22:12:00,12770,0.0,0.0,0.0,0.0,0.0,0.0,4.64
956,X,2020-08-02 22:12:00,12770,0.0,0.0,0.0,0.0,0.0,0.0,4.64
957,X,2020-08-02 22:12:00,12770,0.0,0.0,0.0,0.0,0.0,0.0,4.64
958,X,2020-08-02 22:12:00,12770,0.0,0.0,0.0,0.0,0.0,0.0,4.64
959,X,2020-08-02 22:12:00,12770,0.0,0.0,0.0,0.0,0.0,0.0,4.64
960,X,2020-08-02 22:12:00,12770,0.0,0.0,0.0,0.0,0.0,0.0,4.64
961,X,2020-08-02 22:12:00,12770,0.0,0.0,0.0,0.0,0.0,0.0,4.64
962,X,2020-08-02 22:12:00,12770,0.0,0.0,0.0,0.0,0.0,0.0,4.64
963,X,2020-08-02 22:12:00,12770,0.0,0.0,0.0,0.0,0.0,0.0,4.64
964,X,2020-08-02 22:12:00,12770,0.0,0.0,0.0,0.0,0.0,0.0,4.64
965,X,2020-08-02 22:12:00,12770,0.0,0.0,0.0,0.0,0.0,0.0,4.64
966,X,2020-08-02 22:12:00,12770,0.0,0.0,0.0,0.0,0.0,0.0,4.64
967,X,2020-08-02 22:12:00,12770,0.0,0.0,0.0,0.0,0.0,0.0,4.64
968,X,2020-08-02 22:12:00,12770,0.0,0.0,0.0,0.0,0.0,0.0,4.64
969,X,2020-08-02 22:12:00,12770,0.0,0.0,0.0,0.0,0.0,0.0,4.64
970,X,2020-08-02 22:12:00,12770,0.0,0.0,0.0,0.0,0.0,0.0,4.64
971,X,2020-08-02 22:12:00,12770,0.0,0.0,0.0,0.0,0.0,0.0,4.64
972,X,2020-08-17 22:36:00,12772,4.64e+20,55.5,122.0,-1.51,-0.0374,34.9,2.46
973,X,2020-08-19 22:24:00,12772,3.44e+21,33.1,116.0,0.0632,0.00343,18.1,3.41
974,X,2020-09-23 22:48:00,12773,1.43e+22,23.4,71.5,-0.13,0.00028,6.42,0.0
975,X,2020-09-25 22:36:00,12773,8.14e+21,27.8,116.0,-0.118,-0.00478,63.0,2.78
976,X,2020-10-25 08:48:00,12778,2.59e+20,65.8,87.5,0.0471,0.00962,8.6,1.84
977,X,2021-01-17 17:48:00,12798,4.31e+21,54.5,66.4,-0.369,0.0211,128.0,4.3
978,X,2021-01-17 17:48:00,12798,4.31e+21,54.5,66.4,-0.369,0.0211,128.0,4.3
979,X,2021-04-10 23:00:00,12814,2.02e+21,33.7,132.0,-0.131,-0.000807,2.71,0.0
980,X,2021-07-03 14:12:00,12838,1.14e+22,33.8,78.9,-0.145,-0.00384,52.2,3.51
981,X,2021-10-28 15:12:00,12891,2.34e+22,39.7,78.6,-0.26,-0.017,546.0,4.46
982,X,2021-10-29 02:12:00,12891,2.56e+22,41.0,81.8,-0.209,-0.0114,425.0,4.42
983,X,2021-10-29 02:12:00,12891,2.56e+22,41.0,81.8,-0.209,-0.0114,425.0,4.42
984,X,2021-10-29 02:12:00,12891,2.56e+22,41.0,81.8,-0.209,-0.0114,425.0,4.42
985,X,2021-10-29 02:12:00,12891,2.56e+22,41.0,81.8,-0.209,-0.0114,425.0,4.42
986,X,2021-10-29 02:12:00,12891,2.56e+22,41.0,81.8,-0.209,-0.0114,425.0,4.42
987,X,2021-10-29 02:12:00,12891,2.56e+22,41.0,81.8,-0.209,-0.0114,425.0,4.42
